dataset,seed,task,candidate,comparator,ba_difference_pp,macro_f1_difference_pp,accuracy_difference_pp,tail_ba_difference_pp,old_ba_difference_pp,current_ba_difference_pp,hm_difference_pp,zero_recall_difference
ISIC,1993,1,A6,A2,0.0,0.0,0.0,nan,nan,0.0,nan,0
ISIC,1993,1,A2,A0,0.0,0.0,0.0,nan,nan,0.0,nan,0
ISIC,1993,1,A6,A0,0.0,0.0,0.0,nan,nan,0.0,nan,0
ISIC,1993,1,A6,A5,0.0,0.0,0.0,nan,nan,0.0,nan,0
ISIC,1993,1,A6,A4,0.0,0.0,0.0,nan,nan,0.0,nan,0
ISIC,1993,1,A6,A3s,0.0,0.0,0.0,nan,nan,0.0,nan,0
ISIC,1993,2,A6,A2,0.0,0.0,0.0,0.0,0.0,0.0,0.0,0
ISIC,1993,2,A2,A0,-0.9696045824094668,-0.9031918732908317,-0.6711409395973145,-4.166666666666674,-2.3558758314855988,0.4166666666666652,-0.5651858932763654,0
ISIC,1993,2,A6,A0,-0.9696045824094668,-0.9031918732908317,-0.6711409395973145,-4.166666666666674,-2.3558758314855988,0.4166666666666652,-0.5651858932763654,0
ISIC,1993,2,A6,A5,-1.041666666666674,-1.072235390228382,-0.6711409395973145,-4.166666666666674,0.0,-2.083333333333326,-1.3479935548619593,0
ISIC,1993,2,A6,A4,0.0,0.0,0.0,0.0,0.0,0.0,0.0,0
ISIC,1993,2,A6,A3s,0.0,0.0,0.0,0.0,0.0,0.0,0.0,0
ISIC,1993,3,A6,A2,0.0,0.0,0.0,0.0,0.0,0.0,0.0,0
ISIC,1993,3,A2,A0,-0.287940379403806,-0.42460499918033356,0.0,-2.083333333333326,-0.4319105691056979,0.0,-0.23011852591410253,0
ISIC,1993,3,A6,A0,-0.287940379403806,-0.42460499918033356,0.0,-2.083333333333326,-0.4319105691056979,0.0,-0.23011852591410253,0
ISIC,1993,3,A6,A5,0.0,0.0,0.0,0.0,0.0,0.0,0.0,0
ISIC,1993,3,A6,A4,0.0,0.0,0.0,0.0,0.0,0.0,0.0,0
ISIC,1993,3,A6,A3s,-0.8525182610548576,-1.087542774899608,-1.4150943396226467,2.083333333333337,-1.9544530672579552,1.3513513513513375,-0.3742394960013051,0
ISIC,1993,4,A6,A2,0.0,0.0,0.0,0.0,0.0,0.0,0.0,0
ISIC,1993,4,A2,A0,1.2829597890573474,1.2825873982215241,1.3559322033898313,0.0,1.7106130520764595,0.0,0.6278734125194863,0
ISIC,1993,4,A6,A0,1.2829597890573474,1.2825873982215241,1.3559322033898313,0.0,1.7106130520764595,0.0,0.6278734125194863,0
ISIC,1993,4,A6,A5,0.0,0.0,0.0,0.0,0.0,0.0,0.0,0
ISIC,1993,4,A6,A4,0.0,0.0,0.0,0.0,0.0,0.0,0.0,0
ISIC,1993,4,A6,A3s,0.4875152856992693,0.5478134162216208,0.3389830508474523,2.083333333333326,-0.5250677506775103,3.525264394829619,2.233098055393201,0
ISIC,1994,1,A6,A2,0.0,0.0,0.0,0.0,nan,0.0,nan,0
ISIC,1994,1,A2,A0,4.1666666666666625,4.428085326961728,3.125,8.333333333333337,nan,4.1666666666666625,nan,0
ISIC,1994,1,A6,A0,4.1666666666666625,4.428085326961728,3.125,8.333333333333337,nan,4.1666666666666625,nan,0
ISIC,1994,1,A6,A5,0.0,0.0,0.0,0.0,nan,0.0,nan,0
ISIC,1994,1,A6,A4,0.0,0.0,0.0,0.0,nan,0.0,nan,0
ISIC,1994,1,A6,A3s,0.0,0.0,0.0,0.0,nan,0.0,nan,0
ISIC,1994,2,A6,A2,0.0,0.0,0.0,0.0,0.0,0.0,0.0,0
ISIC,1994,2,A2,A0,-0.6958635464733076,-0.9234808577914144,-0.7042253521126751,0.0,3.749999999999998,-5.141727092946607,-1.8325214496792808,0
ISIC,1994,2,A6,A0,-0.6958635464733076,-0.9234808577914144,-0.7042253521126751,0.0,3.749999999999998,-5.141727092946607,-1.8325214496792808,0
ISIC,1994,2,A6,A5,0.6249999999999978,0.7630594043637529,0.7042253521126751,0.0,1.2499999999999956,0.0,0.440999233617112,0
ISIC,1994,2,A6,A4,0.6249999999999978,0.7630594043637529,0.7042253521126751,0.0,1.2499999999999956,0.0,0.440999233617112,0
ISIC,1994,2,A6,A3s,0.4319105691056868,0.4449128702219918,0.0,4.1666666666666625,2.083333333333326,-1.2195121951219468,-0.057318563134178824,0
ISIC,1994,3,A6,A2,0.0,0.0,0.0,0.0,0.0,0.0,0.0,0
ISIC,1994,3,A2,A0,4.226044226044223,4.1570957542613085,4.484304932735428,0.0,3.851351351351351,4.975429975429979,4.343590420148402,0
ISIC,1994,3,A6,A0,4.226044226044223,4.1570957542613085,4.484304932735428,0.0,3.851351351351351,4.975429975429979,4.343590420148402,0
ISIC,1994,3,A6,A5,0.0,0.0,0.0,0.0,0.0,0.0,0.0,0
ISIC,1994,3,A6,A4,0.0,0.0,0.0,0.0,0.0,0.0,0.0,0
ISIC,1994,3,A6,A3s,-0.004095004095006072,-0.4336502659814445,0.0,0.0,0.10135135135135309,-0.2149877149877133,-0.02291995815882908,0
ISIC,1994,4,A6,A2,0.0,0.0,0.0,0.0,0.0,0.0,0.0,0
ISIC,1994,4,A2,A0,2.3173837867634273,2.3524691079350513,2.7118644067796516,-0.3205128205128194,0.7208372452274792,7.107023411371238,3.3732957246419337,0
ISIC,1994,4,A6,A0,2.3173837867634273,2.3524691079350513,2.7118644067796516,-0.3205128205128194,0.7208372452274792,7.107023411371238,3.3732957246419337,0
ISIC,1994,4,A6,A5,-0.33783783783783994,-0.19594481642751793,-0.3389830508474634,0.0,-0.45045045045045695,0.0,-0.27810808270654075,0
ISIC,1994,4,A6,A4,0.0,0.0,0.0,0.0,0.0,0.0,0.0,0
ISIC,1994,4,A6,A3s,-0.6813630305809504,-0.8531173168184081,-0.6779661016949157,0.0,-1.9954405625137506,3.2608695652173836,0.15376371082018725,0
ISIC,1995,1,A6,A2,0.0,0.0,0.0,nan,nan,0.0,nan,0
ISIC,1995,1,A2,A0,-0.1013513513513642,-0.029011382343568926,0.0,nan,nan,-0.1013513513513642,nan,0
ISIC,1995,1,A6,A0,-0.1013513513513642,-0.029011382343568926,0.0,nan,nan,-0.1013513513513642,nan,0
ISIC,1995,1,A6,A5,0.0,0.0,0.0,nan,nan,0.0,nan,0
ISIC,1995,1,A6,A4,0.0,0.0,0.0,nan,nan,0.0,nan,0
ISIC,1995,1,A6,A3s,-0.1013513513513642,-0.029011382343568926,0.0,nan,nan,-0.1013513513513642,nan,0
ISIC,1995,2,A6,A2,0.0,0.0,0.0,0.0,0.0,0.0,0.0,0
ISIC,1995,2,A2,A0,0.23518711018711835,0.20773772945350544,0.0,3.8461538461538547,-1.4527027027027017,1.9230769230769273,-0.020134372015678803,0
ISIC,1995,2,A6,A0,0.23518711018711835,0.20773772945350544,0.0,3.8461538461538547,-1.4527027027027017,1.9230769230769273,-0.020134372015678803,0
ISIC,1995,2,A6,A5,0.0,0.0,0.0,0.0,0.0,0.0,0.0,0
ISIC,1995,2,A6,A4,0.0,0.0,0.0,0.0,0.0,0.0,0.0,0
ISIC,1995,2,A6,A3s,0.9108627858627982,0.6385062751162907,0.6802721088435382,3.8461538461538547,-0.10135135135135309,1.9230769230769273,0.753516495645179,0
ISIC,1995,3,A6,A2,0.0,0.0,0.0,0.0,0.0,0.0,0.0,0
ISIC,1995,3,A2,A0,1.5848414933780863,1.7317151615439563,1.7777777777777781,0.0,1.091830466830479,2.570863546473301,2.056207080831274,0
ISIC,1995,3,A6,A0,1.5848414933780863,1.7317151615439563,1.7777777777777781,0.0,1.091830466830479,2.570863546473301,2.056207080831274,0
ISIC,1995,3,A6,A5,0.0,0.0,0.0,0.0,0.0,0.0,0.0,0
ISIC,1995,3,A6,A4,0.0,0.0,0.0,0.0,0.0,0.0,0.0,0
ISIC,1995,3,A6,A3s,0.4842342342342376,0.4729982853652115,0.4444444444444473,0.0,-0.6249999999999867,2.7027027027026973,1.5153176797415457,0
ISIC,1995,4,A6,A2,0.0,0.0,0.0,0.0,0.0,0.0,0.0,0
ISIC,1995,4,A2,A0,-1.5938987128011672,-1.6593450754480488,-1.016949152542368,-6.08974358974359,-0.7363093948459909,-4.166666666666669,-2.833262549058646,0
ISIC,1995,4,A6,A0,-1.5938987128011672,-1.6593450754480488,-1.016949152542368,-6.08974358974359,-0.7363093948459909,-4.166666666666669,-2.833262549058646,0
ISIC,1995,4,A6,A5,0.0,0.0,0.0,0.0,0.0,0.0,0.0,0
ISIC,1995,4,A6,A4,0.0,0.0,0.0,0.0,0.0,0.0,0.0,0
ISIC,1995,4,A6,A3s,-1.0421642201865033,-1.049234693062151,-1.016949152542368,0.1602564102564097,-3.533272100345275,6.431159420289855,3.167865096279665,0
HK,1993,1,A6,A2,0.0,0.0,0.0,0.0,nan,0.0,nan,0
HK,1993,1,A2,A0,0.0,0.0,0.0,0.0,nan,0.0,nan,0
HK,1993,1,A6,A0,0.0,0.0,0.0,0.0,nan,0.0,nan,0
HK,1993,1,A6,A5,0.0,0.0,0.0,0.0,nan,0.0,nan,0
HK,1993,1,A6,A4,0.0,0.0,0.0,0.0,nan,0.0,nan,0
HK,1993,1,A6,A3s,0.0,0.0,0.0,0.0,nan,0.0,nan,0
HK,1993,2,A6,A2,0.0,0.0,0.0,0.0,0.0,0.0,0.0,0
HK,1993,2,A2,A0,0.0,0.0,0.0,0.0,0.0,0.0,0.0,0
HK,1993,2,A6,A0,0.0,0.0,0.0,0.0,0.0,0.0,0.0,0
HK,1993,2,A6,A5,0.0,0.0,0.0,0.0,0.0,0.0,0.0,0
HK,1993,2,A6,A4,0.0,0.0,0.0,0.0,0.0,0.0,0.0,0
HK,1993,2,A6,A3s,3.57142857142857,2.054086264612587,0.2732240437158473,14.28571428571429,7.14285714285714,0.0,3.4784802403078907,0
HK,1993,3,A6,A2,0.0,0.0,0.0,0.0,0.0,0.0,0.0,0
HK,1993,3,A2,A0,1.4994002399040363,2.1562553621223057,0.8210180623973717,0.0,0.6097560975609762,3.2786885245901676,1.9858646630500632,0
HK,1993,3,A6,A0,1.4994002399040363,2.1562553621223057,0.8210180623973717,0.0,0.6097560975609762,3.2786885245901676,1.9858646630500632,0
HK,1993,3,A6,A5,0.0,0.0,0.0,0.0,0.0,0.0,0.0,0
HK,1993,3,A6,A4,0.0,0.0,0.0,0.0,0.0,0.0,0.0,0
HK,1993,3,A6,A3s,-0.4131680661068948,-1.6324515471011103,-0.3284072249589598,0.0,0.6097560975609762,-2.4590163934426257,-0.9206442521344282,0
HK,1993,4,A6,A2,0.0,0.0,0.0,0.0,0.0,0.0,0.0,0
HK,1993,4,A2,A0,0.6108938397233254,0.4864104748488751,0.3891050583657574,0.0,0.9206822321576436,-0.31847133757961776,0.36352498527186805,0
HK,1993,4,A6,A0,0.6108938397233254,0.4864104748488751,0.3891050583657574,0.0,0.9206822321576436,-0.31847133757961776,0.36352498527186805,0
HK,1993,4,A6,A5,0.0,0.0,0.0,0.0,0.0,0.0,0.0,0
HK,1993,4,A6,A4,-0.3048780487804881,-0.2693331791193354,-0.12970168612191912,0.0,-0.40650406504064707,0.0,-0.22193715108962397,0
HK,1993,4,A6,A3s,-0.6488556864457373,-1.372096182033078,-0.25940337224383825,0.0,-1.395926477893683,1.5923566878980888,-0.014268741932832452,0
HK,1993,5,A6,A2,0.0,0.0,0.0,0.0,0.0,0.0,0.0,0
HK,1993,5,A2,A0,3.5399284306309786,2.124328431239908,0.6385696040868472,8.571428571428575,4.424910538288729,0.0,2.0075368164468532,0
HK,1993,5,A6,A0,3.5399284306309786,2.124328431239908,0.6385696040868472,8.571428571428575,4.424910538288729,0.0,2.0075368164468532,0
HK,1993,5,A6,A5,-0.09857494910532338,0.22867275177111956,0.0,0.0,-0.12321868638165423,0.0,-0.05431219105062057,0
HK,1993,5,A6,A4,0.0,0.0,0.0,0.0,0.0,0.0,0.0,0
HK,1993,5,A6,A3s,-0.3534849133188245,0.10214874557644693,-0.12771392081736277,0.0,-0.4418561416485334,0.0,-0.19437331724838636,0
HK,1993,6,A6,A2,0.0,0.0,0.0,0.0,0.0,0.0,0.0,0
HK,1993,6,A2,A0,1.505562980406272,1.4550539125302464,0.3112033195020736,5.000000000000004,1.080485100297024,3.630952380952379,2.1660594568177927,0
HK,1993,6,A6,A0,1.505562980406272,1.4550539125302464,0.3112033195020736,5.000000000000004,1.080485100297024,3.630952380952379,2.1660594568177927,0
HK,1993,6,A6,A5,-0.20325203252031798,-0.2192735124461942,-0.10373443983402453,0.0,-0.24390243902439046,0.0,-0.14387599065714962,0
HK,1993,6,A6,A4,0.0,0.0,0.0,0.0,0.0,0.0,0.0,0
HK,1993,6,A6,A3s,-0.16391036553273786,0.09557242602808991,0.0,0.0,-0.3216924386392872,0.6249999999999867,0.07303772382988294,0
HK,1993,7,A6,A2,0.0,0.0,0.0,0.0,0.0,0.0,0.0,0
HK,1993,7,A2,A0,1.4244674495225818,1.1062898665414322,0.2838221381267769,5.000000000000004,1.661878691109675,0.0,0.8285880986828476,0
HK,1993,7,A6,A0,1.4244674495225818,1.1062898665414322,0.2838221381267769,5.000000000000004,1.661878691109675,0.0,0.8285880986828476,0
HK,1993,7,A6,A5,0.0,-0.02476265231367014,0.0,0.0,0.0,0.0,0.0,0
HK,1993,7,A6,A4,0.0,0.0,0.0,0.0,0.0,0.0,0.0,0
HK,1993,7,A6,A3s,0.1236573848691358,0.2864102687975434,0.18921475875118832,0.0,-0.10825830351126609,1.5151515151515138,0.7236518319491569,0
HK,1993,8,A6,A2,0.0,0.0,0.0,0.0,0.0,0.0,0.0,0
HK,1993,8,A2,A0,1.5232293214984982,1.1698704003965221,0.8176614881439059,4.0000000000000036,1.697279503315352,0.3048780487804881,0.7646872574168961,0
HK,1993,8,A6,A0,1.5232293214984982,1.1698704003965221,0.8176614881439059,4.0000000000000036,1.697279503315352,0.3048780487804881,0.7646872574168961,0
HK,1993,8,A6,A5,0.0,-0.09419326241134618,0.0,0.0,0.0,0.0,0.0,0
HK,1993,8,A6,A4,0.0,0.0,0.0,0.0,0.0,0.0,0.0,0
HK,1993,8,A6,A3s,0.07567451691393723,0.1313482530585941,0.40883074407195297,0.0,0.08648516218736635,0.0,0.027559133846422057,0
HK,1993,9,A6,A2,0.0,0.0,0.0,0.0,0.0,0.0,0.0,0
HK,1993,9,A2,A0,1.7260406996829847,1.4297229871101935,0.8908685968819663,3.3333333333333384,1.9417957871433633,0.0,0.6595009668640794,0
HK,1993,9,A6,A0,1.7260406996829847,1.4297229871101935,0.8908685968819663,3.3333333333333384,1.9417957871433633,0.0,0.6595009668640794,0
HK,1993,9,A6,A5,0.03538570417550568,0.03491666585146991,0.07423904974016571,0.0,0.03980891719744806,0.0,0.01330845057372354,0
HK,1993,9,A6,A4,0.0,0.0,0.0,0.0,0.0,0.0,0.0,0
HK,1993,9,A6,A3s,-0.057478477651828896,-0.22893043489432552,0.22271714922049712,0.0,-0.06466328735830196,0.0,-0.021598866966376917,0
HK,1993,10,A6,A2,0.0,0.0,0.0,0.0,0.0,0.0,0.0,0
HK,1993,10,A2,A0,0.1906024760764069,0.0904861669485113,0.35360678925036026,0.0,0.21178052897378175,0.0,0.009942124027800814,0
HK,1993,10,A6,A0,0.1906024760764069,0.0904861669485113,0.35360678925036026,0.0,0.21178052897378175,0.0,0.009942124027800814,0
HK,1993,10,A6,A5,0.15909090909089763,0.1381615342061604,0.14144271570014633,0.0,0.09259259259258856,0.7575757575757582,1.1013588114283768,0
HK,1993,10,A6,A4,0.0,0.0,0.0,0.0,0.0,0.0,0.0,0
HK,1993,10,A6,A3s,-0.18532880227565274,-0.44559449162391296,-0.07072135785006761,0.0,-0.2900959755924748,0.7575757575757582,1.0853457350932072,0
HK,1993,11,A6,A2,0.0,0.0,0.0,0.0,0.0,0.0,0.0,0
HK,1993,11,A2,A0,0.7393959269882067,0.6981085024815314,0.2355712603062443,0.9375000000000022,1.1606297998122517,-2.0688298918387416,0.2460213791174115,0
HK,1993,11,A6,A0,0.7393959269882067,0.6981085024815314,0.2355712603062443,0.9375000000000022,1.1606297998122517,-2.0688298918387416,0.2460213791174115,0
HK,1993,11,A6,A5,-0.03534817956875047,-0.1528150972889275,-0.05889281507656108,0.0,-0.040650406504061376,0.0,-0.029925648666084825,0
HK,1993,11,A6,A4,0.0,0.0,0.0,0.0,0.0,0.0,0.0,0
HK,1993,11,A6,A3s,0.15916846638017734,0.29393414369509596,0.41224970553592755,0.0,0.08304373633719608,0.666666666666671,0.26792207368251386,0
HK,1994,1,A6,A2,0.0,0.0,0.0,0.0,nan,0.0,nan,0
HK,1994,1,A2,A0,0.0,0.0,0.0,0.0,nan,0.0,nan,0
HK,1994,1,A6,A0,0.0,0.0,0.0,0.0,nan,0.0,nan,0
HK,1994,1,A6,A5,0.0,0.0,0.0,0.0,nan,0.0,nan,0
HK,1994,1,A6,A4,0.0,0.0,0.0,0.0,nan,0.0,nan,0
HK,1994,1,A6,A3s,0.0,0.0,0.0,0.0,nan,0.0,nan,0
HK,1994,2,A6,A2,0.0,0.0,0.0,0.0,0.0,0.0,0.0,0
HK,1994,2,A2,A0,-0.2972560975609717,0.11913419452452834,0.43478260869564966,0.0,0.0,-0.5945121951219434,-0.31834495711915434,0
HK,1994,2,A6,A0,-0.2972560975609717,0.11913419452452834,0.43478260869564966,0.0,0.0,-0.5945121951219434,-0.31834495711915434,0
HK,1994,2,A6,A5,0.0,0.0,0.0,0.0,0.0,0.0,0.0,0
HK,1994,2,A6,A4,0.0,0.0,0.0,0.0,0.0,0.0,0.0,0
HK,1994,2,A6,A3s,0.0,0.0,0.0,0.0,0.0,0.0,0.0,0
HK,1994,3,A6,A2,0.0,0.0,0.0,0.0,0.0,0.0,0.0,0
HK,1994,3,A2,A0,0.7742934572202986,0.24904468830013737,0.0,0.0,1.1614401858304313,0.0,0.3853306095818021,0
HK,1994,3,A6,A0,0.7742934572202986,0.24904468830013737,0.0,0.0,1.1614401858304313,0.0,0.3853306095818021,0
HK,1994,3,A6,A5,0.0,0.0,0.0,0.0,0.0,0.0,0.0,0
HK,1994,3,A6,A4,0.0,0.0,0.0,0.0,0.0,0.0,0.0,0
HK,1994,3,A6,A3s,0.10416666666667185,0.3707045361446393,0.25062656641603454,0.0,0.15625000000000222,0.0,0.05150037852380551,0
HK,1994,4,A6,A2,0.0,0.0,0.0,0.0,0.0,0.0,0.0,0
HK,1994,4,A2,A0,3.698098141695705,4.40524353457702,1.4778325123152802,5.000000000000004,1.5974641889275998,9.999999999999998,8.696143552432833,0
HK,1994,4,A6,A0,3.698098141695705,4.40524353457702,1.4778325123152802,5.000000000000004,1.5974641889275998,9.999999999999998,8.696143552432833,0
HK,1994,4,A6,A5,0.5952380952381042,0.5354625994160811,0.24630541871921707,0.0,0.7936507936507908,0.0,0.22925984416193312,0
HK,1994,4,A6,A4,0.0,0.0,0.0,0.0,0.0,0.0,0.0,0
HK,1994,4,A6,A3s,0.07812500000000666,0.18905412515035636,0.24630541871921707,0.0,0.10416666666666075,0.0,0.029933011022253986,0
HK,1994,5,A6,A2,0.0,0.0,0.0,0.0,0.0,0.0,0.0,0
HK,1994,5,A2,A0,1.6996951219512169,2.0600203720639976,0.42735042735042583,3.9999999999999982,2.124618902439024,0.0,0.4097477351178713,0
HK,1994,5,A6,A0,1.6996951219512169,2.0600203720639976,0.42735042735042583,3.9999999999999982,2.124618902439024,0.0,0.4097477351178713,0
HK,1994,5,A6,A5,0.0,0.0,0.0,0.0,0.0,0.0,0.0,0
HK,1994,5,A6,A4,0.0,0.0,0.0,0.0,0.0,0.0,0.0,0
HK,1994,5,A6,A3s,0.5553278688524621,0.33976663960472164,-0.42735042735042583,2.4999999999999964,1.7187500000000022,-4.098360655737704,-3.390449217836178,0
HK,1994,6,A6,A2,0.0,0.0,0.0,0.0,0.0,0.0,0.0,0
HK,1994,6,A2,A0,1.7029613715859426,1.1913408978817097,0.5347593582887722,3.9999999999999982,2.2346364484509107,-0.9554140127388533,1.3483380622202668,0
HK,1994,6,A6,A0,1.7029613715859426,1.1913408978817097,0.5347593582887722,3.9999999999999982,2.2346364484509107,-0.9554140127388533,1.3483380622202668,0
HK,1994,6,A6,A5,0.0,0.0,0.0,0.0,0.0,0.0,0.0,0
HK,1994,6,A6,A4,0.0,0.0,0.0,0.0,0.0,0.0,0.0,0
HK,1994,6,A6,A3s,-0.48149722530728134,-0.24231115546743398,-0.40106951871656804,0.0,-0.896268007948342,1.5923566878980888,-0.12176268634730425,0
HK,1994,7,A6,A2,0.0,0.0,0.0,0.0,0.0,0.0,0.0,0
HK,1994,7,A2,A0,0.23230219481167325,0.4962390879142853,0.0,0.952380952380949,1.4106824096263848,-6.837979094076663,-1.6268319372088613,0
HK,1994,7,A6,A0,0.23230219481167325,0.4962390879142853,0.0,0.952380952380949,1.4106824096263848,-6.837979094076663,-1.6268319372088613,0
HK,1994,7,A6,A5,-1.0775281724045072,-0.620705085824047,-0.10881392818281599,-2.3809523809523894,-0.06664001066239988,-7.14285714285714,-2.726799701655158,0
HK,1994,7,A6,A4,0.0,0.0,0.0,0.0,0.0,0.0,0.0,0
HK,1994,7,A6,A3s,-0.28063591545762767,0.19496250183527186,0.0,0.0,-0.3274085680338934,0.0,-0.20182941853701397,0
HK,1994,8,A6,A2,0.0,0.0,0.0,0.0,0.0,0.0,0.0,0
HK,1994,8,A2,A0,1.381841233058989,1.343833088914026,0.7438894792773598,2.500000000000002,1.579247123495997,0.0,1.1600951799722314,0
HK,1994,8,A6,A0,1.381841233058989,1.343833088914026,0.7438894792773598,2.500000000000002,1.579247123495997,0.0,1.1600951799722314,0
HK,1994,8,A6,A5,-0.3621992761337012,-0.36116300058729456,-0.10626992561105775,0.0,-0.41394202986709816,0.0,-0.3004301294040057,0
HK,1994,8,A6,A4,0.0,0.0,0.0,0.0,0.0,0.0,0.0,0
HK,1994,8,A6,A3s,-0.3530594131774034,-0.7963247086279601,-0.10626992561105775,0.0,-0.40349647220274676,0.0,-0.2928673761779188,0
HK,1994,9,A6,A2,0.0,0.0,0.0,0.0,0.0,0.0,0.0,0
HK,1994,9,A2,A0,1.4564898266445025,0.590651355352112,0.09199632014719183,4.999999999999993,2.1514231386436045,-4.102976669348346,-0.842265399951414,0
HK,1994,9,A6,A0,1.4564898266445025,0.590651355352112,0.09199632014719183,4.999999999999993,2.1514231386436045,-4.102976669348346,-0.842265399951414,0
HK,1994,9,A6,A5,-0.13550135501354532,-0.20497128930864195,-0.09199632014719183,0.0,-0.1524390243902385,0.0,-0.07601889116830574,0
HK,1994,9,A6,A4,0.0,0.0,0.0,0.0,0.0,0.0,0.0,0
HK,1994,9,A6,A3s,-0.43471153004408514,-0.7240224695695852,-0.36798528058877844,0.0,-0.29965653190565655,-1.5151515151515138,-0.9031028175341627,0
HK,1994,10,A6,A2,0.0,0.0,0.0,0.0,0.0,0.0,0.0,0
HK,1994,10,A2,A0,1.1953514070859872,0.5986081141389654,0.07710100231302919,3.437499999999999,1.4763163782436917,-1.3333333333333308,0.5599411769046769,0
HK,1994,10,A6,A0,1.1953514070859872,0.5986081141389654,0.07710100231302919,3.437499999999999,1.4763163782436917,-1.3333333333333308,0.5599411769046769,0
HK,1994,10,A6,A5,0.0,-0.05780164823295797,0.0,0.0,0.0,0.0,0.0,0
HK,1994,10,A6,A4,0.0,0.0,0.0,0.0,0.0,0.0,0.0,0
HK,1994,10,A6,A3s,-0.013549507817023354,0.13889642878809338,0.23130300693908756,0.0,-0.16320315683372444,1.333333333333342,0.36194199821076856,0
HK,1994,11,A6,A2,0.0,0.0,0.0,0.0,0.0,0.0,0.0,0
HK,1994,11,A2,A0,0.6860163331168456,0.4073782777785806,0.2944640753828054,0.9374999999999967,0.6047238930071308,1.2279659338482851,0.8889327113299039,0
HK,1994,11,A6,A0,0.6860163331168456,0.4073782777785806,0.2944640753828054,0.9374999999999967,0.6047238930071308,1.2279659338482851,0.8889327113299039,0
HK,1994,11,A6,A5,0.07246376811593791,-0.019014682401874428,0.05889281507656108,0.0,0.08333333333332416,0.0,0.04591200191842448,0
HK,1994,11,A6,A4,0.0,0.0,0.0,0.0,0.0,0.0,0.0,0
HK,1994,11,A6,A3s,0.09765154319036906,0.17397686903327658,0.2944640753828054,0.0,-0.09416093179128726,1.3764013764013705,0.5778821511093879,0
HK,1995,1,A6,A2,0.0,0.0,0.0,nan,nan,0.0,nan,0
HK,1995,1,A2,A0,-0.31250000000000444,-0.30921606115168476,-0.30864197530864335,nan,nan,-0.31250000000000444,nan,0
HK,1995,1,A6,A0,-0.31250000000000444,-0.30921606115168476,-0.30864197530864335,nan,nan,-0.31250000000000444,nan,0
HK,1995,1,A6,A5,0.0,0.0,0.0,nan,nan,0.0,nan,0
HK,1995,1,A6,A4,0.0,0.0,0.0,nan,nan,0.0,nan,0
HK,1995,1,A6,A3s,0.0,0.0,0.0,nan,nan,0.0,nan,0
HK,1995,2,A6,A2,0.0,0.0,0.0,0.0,0.0,0.0,0.0,0
HK,1995,2,A2,A0,-0.0038109756097637337,1.391457939509988,0.0,0.0,-0.007621951219516365,0.0,-0.003895578530532795,0
HK,1995,2,A6,A0,-0.0038109756097637337,1.391457939509988,0.0,0.0,-0.007621951219516365,0.0,-0.003895578530532795,0
HK,1995,2,A6,A5,0.0,0.0,0.0,0.0,0.0,0.0,0.0,0
HK,1995,2,A6,A4,0.0,0.0,0.0,0.0,0.0,0.0,0.0,0
HK,1995,2,A6,A3s,0.0,0.0,0.0,0.0,0.0,0.0,0.0,0
HK,1995,3,A6,A2,0.0,0.0,0.0,0.0,0.0,0.0,0.0,0
HK,1995,3,A2,A0,0.10162601626015899,1.031351280365822,0.19379844961240345,0.0,0.1524390243902385,0.0,0.033895603264788576,0
HK,1995,3,A6,A0,0.10162601626015899,1.031351280365822,0.19379844961240345,0.0,0.1524390243902385,0.0,0.033895603264788576,0
HK,1995,3,A6,A5,0.0,0.0,0.0,0.0,0.0,0.0,0.0,0
HK,1995,3,A6,A4,0.0,0.0,0.0,0.0,0.0,0.0,0.0,0
HK,1995,3,A6,A3s,0.0,0.0,0.0,0.0,0.0,0.0,0.0,0
HK,1995,4,A6,A2,0.0,0.0,0.0,0.0,0.0,0.0,0.0,0
HK,1995,4,A2,A0,-0.22865853658536883,-0.14160521877620846,0.0,0.0,0.10162601626015899,-1.2195121951219523,-0.4883507783450258,0
HK,1995,4,A6,A0,-0.22865853658536883,-0.14160521877620846,0.0,0.0,0.10162601626015899,-1.2195121951219523,-0.4883507783450258,0
HK,1995,4,A6,A5,0.0,0.0,0.0,0.0,0.0,0.0,0.0,0
HK,1995,4,A6,A4,0.0,0.0,0.0,0.0,0.0,0.0,0.0,0
HK,1995,4,A6,A3s,0.0,0.0,0.0,0.0,0.0,0.0,0.0,0
HK,1995,5,A6,A2,0.0,0.0,0.0,0.0,0.0,0.0,0.0,0
HK,1995,5,A2,A0,-0.05945121951219656,0.32024545672363347,0.23696682464454666,0.0,-0.07431402439024293,0.0,-0.04367757055646626,0
HK,1995,5,A6,A0,-0.05945121951219656,0.32024545672363347,0.23696682464454666,0.0,-0.07431402439024293,0.0,-0.04367757055646626,0
HK,1995,5,A6,A5,0.0,0.0,0.0,0.0,0.0,0.0,0.0,0
HK,1995,5,A6,A4,0.0,0.0,0.0,0.0,0.0,0.0,0.0,0
HK,1995,5,A6,A3s,0.0,0.0,0.0,0.0,0.0,0.0,0.0,0
HK,1995,6,A6,A2,0.0,0.0,0.0,0.0,0.0,0.0,0.0,0
HK,1995,6,A2,A0,1.6355976672511985,1.5616206421723011,0.5875440658049347,4.999999999999999,-0.037282799298565816,9.999999999999998,8.693442547212182,0
HK,1995,6,A6,A0,1.6355976672511985,1.5616206421723011,0.5875440658049347,4.999999999999999,-0.037282799298565816,9.999999999999998,8.693442547212182,0
HK,1995,6,A6,A5,0.0,0.0,0.0,0.0,0.0,0.0,0.0,0
HK,1995,6,A6,A4,0.0,0.0,0.0,0.0,0.0,0.0,0.0,0
HK,1995,6,A6,A3s,0.05208333333335258,0.18919387810752974,0.1175088131609825,0.0,0.06250000000000977,0.0,0.016656189699426616,0
HK,1995,7,A6,A2,0.0,0.0,0.0,0.0,0.0,0.0,0.0,0
HK,1995,7,A2,A0,1.3338429422027454,1.6480350450188808,0.9039548022598876,0.0,0.7985743416607738,4.545454545454547,5.910866954216304,0
HK,1995,7,A6,A0,1.3338429422027454,1.6480350450188808,0.9039548022598876,0.0,0.7985743416607738,4.545454545454547,5.910866954216304,0
HK,1995,7,A6,A5,0.21645021645021467,0.16305844244632883,0.1129943502824915,0.0,0.0,1.5151515151515165,1.8920983004378666,0
HK,1995,7,A6,A4,0.0,0.0,0.0,0.0,0.0,0.0,0.0,0
HK,1995,7,A6,A3s,0.0,0.0,0.0,0.0,0.0,0.0,0.0,0
HK,1995,8,A6,A2,0.0,0.0,0.0,0.0,0.0,0.0,0.0,0
HK,1995,8,A2,A0,1.3512932311690262,0.801450790060465,0.20876826722339148,3.3333333333333326,1.6525602295611508,-0.7575757575757569,0.18681140428751242,0
HK,1995,8,A6,A0,1.3512932311690262,0.801450790060465,0.20876826722339148,3.3333333333333326,1.6525602295611508,-0.7575757575757569,0.18681140428751242,0
HK,1995,8,A6,A5,0.34183296378418326,0.47981939158410203,0.20876826722339148,0.0,0.3906662443247777,0.0,0.1517127456049372,0
HK,1995,8,A6,A4,0.0,0.0,0.0,0.0,0.0,0.0,0.0,0
HK,1995,8,A6,A3s,0.29761904761904656,0.21491798431454434,0.10438413361170129,0.0,0.3401360544217691,0.0,0.13203345139519707,0
HK,1995,9,A6,A2,0.0,0.0,0.0,0.0,0.0,0.0,0.0,0
HK,1995,9,A2,A0,1.3993064490311014,1.2552531465465422,0.5952380952381042,3.333333333333327,1.3921429043716516,1.4566148063067663,1.4312014216773306,0
HK,1995,9,A6,A0,1.3993064490311014,1.2552531465465422,0.5952380952381042,3.333333333333327,1.3921429043716516,1.4566148063067663,1.4312014216773306,0
HK,1995,9,A6,A5,0.2046609889747142,0.3301217215884056,0.25510204081633514,0.0,0.230243612596559,0.0,0.1381858708515704,0
HK,1995,9,A6,A4,0.0,0.0,0.0,0.0,0.0,0.0,0.0,0
HK,1995,9,A6,A3s,0.24517210811170198,0.3216550895403625,0.25510204081633514,0.0,0.3384687208216608,-0.5012007935679241,-0.00016353696411508523,0
HK,1995,10,A6,A2,0.0,0.0,0.0,0.0,0.0,0.0,0.0,0
HK,1995,10,A2,A0,1.3446779870458947,1.1017047090990828,0.4405286343612369,2.8571428571428523,1.5246116827982492,-0.27472527472527375,0.42220068463100224,0
HK,1995,10,A6,A0,1.3446779870458947,1.1017047090990828,0.4405286343612369,2.8571428571428523,1.5246116827982492,-0.27472527472527375,0.42220068463100224,0
HK,1995,10,A6,A5,0.07575757575757347,-0.13589987712938623,0.0,0.0,0.08417508417508657,0.0,0.03226480731004511,0
HK,1995,10,A6,A4,0.0,0.0,0.0,0.0,0.0,0.0,0.0,0
HK,1995,10,A6,A3s,-0.2016352308719549,-0.18803281901711433,-0.07342143906020615,0.0,-0.22403914541327952,0.0,-0.08564304832382463,0
HK,1995,11,A6,A2,0.0,0.0,0.0,0.0,0.0,0.0,0.0,0
HK,1995,11,A2,A0,0.5323728061591648,0.606275183285887,0.41224970553592755,0.9374999999999967,0.5788953937497121,0.22222222222222365,0.49037926214938743,0
HK,1995,11,A6,A0,0.5323728061591648,0.606275183285887,0.41224970553592755,0.9374999999999967,0.5788953937497121,0.22222222222222365,0.49037926214938743,0
HK,1995,11,A6,A5,0.030476769607201692,-0.002035040975001401,0.05889281507656108,0.0,0.03504828504827806,0.0,0.025365392549892007,0
HK,1995,11,A6,A4,0.0,0.0,0.0,0.0,0.0,0.0,0.0,0
HK,1995,11,A6,A3s,0.2990236682279601,0.4759234024724224,0.41224970553592755,0.0,0.2408469154318471,0.6868686868686802,0.39267126348744297,0
