dataset,seed,task,method,seen,known,scope,n_images,n_classes,correct_sample,correct_macro,to_other_sample,to_other_macro,wrong_within_sample,wrong_within_macro
HK,1993,1,CT-J-CB,2,0,current,172,2,100.0,100.0,0.0,0.0,0.0,0.0
HK,1993,1,CT-J-Stale,2,0,current,172,2,100.0,100.0,0.0,0.0,0.0,0.0
HK,1993,1,PT-CB,2,0,current,172,2,100.0,100.0,0.0,0.0,0.0,0.0
HK,1993,1,CT-Risk,2,0,current,172,2,100.0,100.0,0.0,0.0,0.0,0.0
HK,1993,2,CT-J-CB,4,2,old,172,2,99.4186046511628,92.85714285714286,0.5813953488372093,7.142857142857142,0.0,0.0
HK,1993,2,CT-J-CB,4,2,current,194,2,97.42268041237114,93.90243902439023,2.5773195876288657,6.097560975609756,0.0,0.0
HK,1993,2,CT-J-Stale,4,2,old,172,2,97.09302325581395,64.28571428571428,2.9069767441860463,35.714285714285715,0.0,0.0
HK,1993,2,CT-J-Stale,4,2,current,194,2,100.0,100.0,0.0,0.0,0.0,0.0
HK,1993,2,PT-CB,4,2,old,172,2,100.0,100.0,0.0,0.0,0.0,0.0
HK,1993,2,PT-CB,4,2,current,194,2,97.42268041237114,93.90243902439023,2.5773195876288657,6.097560975609756,0.0,0.0
HK,1993,2,CT-Risk,4,2,old,172,2,99.4186046511628,92.85714285714286,0.5813953488372093,7.142857142857142,0.0,0.0
HK,1993,2,CT-Risk,4,2,current,194,2,97.42268041237114,93.90243902439023,2.5773195876288657,6.097560975609756,0.0,0.0
HK,1993,3,CT-J-CB,6,4,old,366,4,95.90163934426229,79.00696864111498,3.825136612021858,20.38327526132404,0.273224043715847,0.6097560975609756
HK,1993,3,CT-J-CB,6,4,current,243,2,95.88477366255144,91.80327868852459,4.11522633744856,8.19672131147541,0.0,0.0
HK,1993,3,CT-J-Stale,6,4,old,366,4,87.43169398907104,52.58235149196412,12.568306010928962,47.41764850803588,0.0,0.0
HK,1993,3,CT-J-Stale,6,4,current,243,2,99.58847736625515,99.18032786885246,0.411522633744856,0.819672131147541,0.0,0.0
HK,1993,3,PT-CB,6,4,old,366,4,96.72131147540983,86.7595818815331,3.0054644808743167,12.630662020905921,0.273224043715847,0.6097560975609756
HK,1993,3,PT-CB,6,4,current,243,2,91.35802469135803,82.78688524590163,8.641975308641975,17.21311475409836,0.0,0.0
HK,1993,3,CT-Risk,6,4,old,366,4,95.90163934426229,79.00696864111498,3.825136612021858,20.38327526132404,0.273224043715847,0.6097560975609756
HK,1993,3,CT-Risk,6,4,current,243,2,95.88477366255144,91.80327868852459,4.11522633744856,8.19672131147541,0.0,0.0
HK,1993,4,CT-J-CB,8,6,old,609,6,79.47454844006569,69.8251684245522,15.92775041050903,9.853436324024557,4.597701149425287,20.321395251423237
HK,1993,4,CT-J-CB,8,6,current,162,2,96.29629629629629,98.08917197452229,1.8518518518518516,0.9554140127388535,1.8518518518518516,0.9554140127388535
HK,1993,4,CT-J-Stale,8,6,old,609,6,55.33661740558292,44.172572207005494,37.274220032840724,23.713606654783128,7.389162561576355,32.11382113821138
HK,1993,4,CT-J-Stale,8,6,current,162,2,92.5925925925926,96.17834394904459,5.555555555555555,2.8662420382165608,1.8518518518518516,0.9554140127388535
HK,1993,4,PT-CB,8,6,old,609,6,90.64039408866995,83.00318488454998,3.9408866995073892,2.432164785105962,5.41871921182266,14.564650330344053
HK,1993,4,PT-CB,8,6,current,162,2,85.18518518518519,92.35668789808918,12.962962962962962,6.687898089171974,1.8518518518518516,0.9554140127388535
HK,1993,4,CT-Risk,8,6,old,609,6,79.47454844006569,69.8251684245522,15.92775041050903,9.853436324024557,4.597701149425287,20.321395251423237
HK,1993,4,CT-Risk,8,6,current,162,2,96.29629629629629,98.08917197452229,1.8518518518518516,0.9554140127388535,1.8518518518518516,0.9554140127388535
HK,1993,5,CT-J-CB,10,8,old,771,8,75.74578469520104,51.92045305701192,14.526588845654995,42.358520644029966,9.72762645914397,5.721026298958109
HK,1993,5,CT-J-CB,10,8,current,12,2,100.0,100.0,0.0,0.0,0.0,0.0
HK,1993,5,CT-J-Stale,10,8,old,771,8,37.35408560311284,21.54371397720967,46.952010376134886,69.25873728702503,15.693904020752269,9.197548735765295
HK,1993,5,CT-J-Stale,10,8,current,12,2,100.0,100.0,0.0,0.0,0.0,0.0
HK,1993,5,PT-CB,10,8,old,771,8,88.84565499351491,80.50768880479708,1.297016861219196,5.310732849717256,9.857328145265889,14.181578345485658
HK,1993,5,PT-CB,10,8,current,12,2,66.66666666666666,75.0,33.33333333333333,25.0,0.0,0.0
HK,1993,5,CT-Risk,10,8,old,771,8,75.74578469520104,51.92045305701192,14.526588845654995,42.358520644029966,9.72762645914397,5.721026298958109
HK,1993,5,CT-Risk,10,8,current,12,2,100.0,100.0,0.0,0.0,0.0,0.0
HK,1993,6,CT-J-CB,12,10,old,783,10,79.3103448275862,58.461191671466196,4.853128991060025,15.739606573392656,15.836526181353769,25.799201755141148
HK,1993,6,CT-J-CB,12,10,current,181,2,97.23756906077348,94.30059523809524,1.1049723756906076,4.761904761904762,1.6574585635359116,0.9375
HK,1993,6,CT-J-Stale,12,10,old,783,10,2.681992337164751,9.598484848484848,89.65517241379311,72.84338462756459,7.662835249042145,17.558130523950567
HK,1993,6,CT-J-Stale,12,10,current,181,2,97.79005524861878,98.75,0.0,0.0,2.209944751381215,1.25
HK,1993,6,PT-CB,12,10,old,783,10,88.63346104725414,73.98954998359726,0.38314176245210724,7.5,10.983397190293742,18.51045001640275
HK,1993,6,PT-CB,12,10,current,181,2,92.81767955801105,85.59523809523809,6.077348066298343,13.779761904761903,1.1049723756906076,0.625
HK,1993,6,CT-Risk,12,10,old,783,10,79.3103448275862,58.461191671466196,4.853128991060025,15.739606573392656,15.836526181353769,25.799201755141148
HK,1993,6,CT-Risk,12,10,current,181,2,97.23756906077348,94.30059523809524,1.1049723756906076,4.761904761904762,1.6574585635359116,0.9375
HK,1993,7,CT-J-CB,14,12,old,964,12,78.83817427385893,59.56311761908236,8.71369294605809,19.26230512762219,12.448132780082988,21.17457725329545
HK,1993,7,CT-J-CB,14,12,current,93,2,95.6989247311828,94.62121212121211,2.1505376344086025,3.0303030303030303,2.1505376344086025,2.348484848484848
HK,1993,7,CT-J-Stale,14,12,old,964,12,1.0373443983402488,0.5050505050505051,98.7551867219917,99.38879238242295,0.2074688796680498,0.10615711252653928
HK,1993,7,CT-J-Stale,14,12,current,93,2,97.84946236559139,97.65151515151516,0.0,0.0,2.1505376344086025,2.348484848484848
HK,1993,7,PT-CB,14,12,old,964,12,89.41908713692946,74.30548866536117,0.3112033195020747,1.7718285562632698,10.269709543568464,23.922682778375563
HK,1993,7,PT-CB,14,12,current,93,2,81.72043010752688,74.92424242424242,17.20430107526882,24.242424242424242,1.0752688172043012,0.8333333333333334
HK,1993,7,CT-Risk,14,12,old,964,12,78.52697095435684,59.414175973325435,8.71369294605809,19.26230512762219,12.759336099585061,21.32351889905238
HK,1993,7,CT-Risk,14,12,current,93,2,95.6989247311828,94.62121212121211,2.1505376344086025,3.0303030303030303,2.1505376344086025,2.348484848484848
HK,1993,8,CT-J-CB,16,14,old,1057,14,68.30652790917692,40.995519789359776,20.151371807000945,44.272587228884404,11.542100283822137,14.731892981755825
HK,1993,8,CT-J-CB,16,14,current,166,2,99.3975903614458,75.0,0.6024096385542169,25.0,0.0,0.0
HK,1993,8,CT-J-Stale,16,14,old,1057,14,1.0406811731315044,0.7814266412992528,98.9593188268685,99.21857335870075,0.0,0.0
HK,1993,8,CT-J-Stale,16,14,current,166,2,99.3975903614458,99.6951219512195,0.0,0.0,0.6024096385542169,0.3048780487804878
HK,1993,8,PT-CB,16,14,old,1057,14,87.79564806054873,73.45314138248717,1.0406811731315044,1.1534423133386489,11.163670766319774,25.39341630417417
HK,1993,8,PT-CB,16,14,current,166,2,97.59036144578313,49.390243902439025,1.8072289156626504,50.30487804878049,0.6024096385542169,0.3048780487804878
HK,1993,8,CT-Risk,16,14,old,1057,14,68.40113528855251,42.604517255286005,19.77294228949858,43.91931290911982,11.825922421948912,13.47616983559418
HK,1993,8,CT-Risk,16,14,current,166,2,99.3975903614458,75.0,0.6024096385542169,25.0,0.0,0.0
HK,1993,9,CT-J-CB,18,16,old,1223,16,44.807849550286186,24.827639790812974,34.17825020441537,46.87025805725856,21.013900245298448,28.30210215192846
HK,1993,9,CT-J-CB,18,16,current,124,2,100.0,100.0,0.0,0.0,0.0,0.0
HK,1993,9,CT-J-Stale,18,16,old,1223,16,0.3270645952575634,0.15151515151515152,99.59116925592805,99.8086759312874,0.08176614881439084,0.039808917197452234
HK,1993,9,CT-J-Stale,18,16,current,124,2,100.0,100.0,0.0,0.0,0.0,0.0
HK,1993,9,PT-CB,18,16,old,1223,16,88.79803761242846,69.86186762471411,0.1635322976287817,0.487012987012987,11.038430089942764,29.651119388272907
HK,1993,9,PT-CB,18,16,current,124,2,98.38709677419355,49.59349593495935,1.6129032258064515,50.40650406504065,0.0,0.0
HK,1993,9,CT-Risk,18,16,old,1223,16,44.48078495502862,25.864786870880508,34.17825020441537,46.93461580672778,21.34096484055601,27.20059732239172
HK,1993,9,CT-Risk,18,16,current,124,2,100.0,100.0,0.0,0.0,0.0,0.0
HK,1993,10,CT-J-CB,20,18,old,1347,18,10.541945063103192,6.278229448961156,78.24795842613214,73.26539126738314,11.210096510764663,20.4563792836557
HK,1993,10,CT-J-CB,20,18,current,67,2,95.52238805970148,48.484848484848484,0.0,0.0,4.477611940298507,51.515151515151516
HK,1993,10,CT-J-Stale,20,18,old,1347,18,1.4847809948032664,0.8918452820891846,98.51521900519673,99.10815471791081,0.0,0.0
HK,1993,10,CT-J-Stale,20,18,current,67,2,97.01492537313433,49.24242424242424,0.0,0.0,2.9850746268656714,50.75757575757576
HK,1993,10,PT-CB,20,18,old,1347,18,89.38381588715664,67.02278212993416,0.7423904974016332,10.7117303992304,9.873793615441723,22.265487470835453
HK,1993,10,PT-CB,20,18,current,67,2,22.388059701492537,11.363636363636363,77.61194029850746,88.63636363636364,0.0,0.0
HK,1993,10,CT-Risk,20,18,old,1347,18,10.541945063103192,6.278229448961156,78.39643652561247,73.33314194488992,11.061618411284336,20.388628606148927
HK,1993,10,CT-Risk,20,18,current,67,2,95.52238805970148,48.484848484848484,0.0,0.0,4.477611940298507,51.515151515151516
HK,1993,11,CT-J-CB,23,20,old,1414,20,0.3536067892503536,0.3085735402808574,92.57425742574257,94.94796893399696,7.072135785007072,4.743457525722167
HK,1993,11,CT-J-CB,23,20,current,284,3,94.01408450704226,94.98525073746312,0.0,0.0,5.985915492957746,5.014749262536874
HK,1993,11,CT-J-Stale,23,20,old,1414,20,0.07072135785007072,0.030303030303030304,99.78783592644979,99.90754680563597,0.14144271570014144,0.06215016406099208
HK,1993,11,CT-J-Stale,23,20,current,284,3,95.07042253521126,95.87020648967552,0.0,0.0,4.929577464788732,4.129793510324483
HK,1993,11,PT-CB,23,20,old,1414,20,81.8953323903819,56.629035596757596,4.243281471004243,4.585851985379675,13.861386138613863,38.78511241786272
HK,1993,11,PT-CB,23,20,current,284,3,86.61971830985915,91.1189773844641,13.380281690140844,8.88102261553589,0.0,0.0
HK,1993,11,CT-Risk,23,20,old,1414,20,0.3536067892503536,0.3085735402808574,92.5035360678925,94.9157719643,7.142857142857142,4.775654495419136
HK,1993,11,CT-Risk,23,20,current,284,3,94.01408450704226,94.98525073746312,0.0,0.0,5.985915492957746,5.014749262536874
HK,1993,1,CT-ConCM-CB,2,0,current,172,2,100.0,100.0,0.0,0.0,0.0,0.0
HK,1993,1,CT-ConCM,2,0,current,172,2,100.0,100.0,0.0,0.0,0.0,0.0
HK,1993,2,CT-ConCM-CB,4,2,old,172,2,98.25581395348837,78.57142857142857,1.744186046511628,21.428571428571427,0.0,0.0
HK,1993,2,CT-ConCM-CB,4,2,current,194,2,98.96907216494846,97.5609756097561,1.0309278350515463,2.4390243902439024,0.0,0.0
HK,1993,2,CT-ConCM,4,2,old,172,2,95.34883720930233,63.37662337662338,4.651162790697675,36.62337662337662,0.0,0.0
HK,1993,2,CT-ConCM,4,2,current,194,2,91.23711340206185,79.26829268292683,8.762886597938143,20.73170731707317,0.0,0.0
HK,1993,3,CT-ConCM-CB,6,4,old,366,4,87.1584699453552,51.97259539440314,12.841530054644808,48.02740460559686,0.0,0.0
HK,1993,3,CT-ConCM-CB,6,4,current,243,2,99.58847736625515,99.18032786885246,0.411522633744856,0.819672131147541,0.0,0.0
HK,1993,3,CT-ConCM,6,4,old,366,4,85.79234972677595,53.92881468921641,11.748633879781421,42.4163442169181,2.459016393442623,3.6548410938654836
HK,1993,3,CT-ConCM,6,4,current,243,2,97.94238683127571,95.9016393442623,2.05761316872428,4.098360655737705,0.0,0.0
HK,1993,4,CT-ConCM-CB,8,6,old,609,6,47.12643678160919,39.33281155509911,46.141215106732346,30.47695517001912,6.732348111658457,30.190233274881766
HK,1993,4,CT-ConCM-CB,8,6,current,162,2,98.14814814814815,99.04458598726114,0.6172839506172839,0.3184713375796179,1.2345679012345678,0.6369426751592357
HK,1993,4,CT-ConCM,8,6,old,609,6,56.32183908045977,44.414863255562274,35.467980295566505,22.464790111848934,8.210180623973727,33.12034663258879
HK,1993,4,CT-ConCM,8,6,current,162,2,92.5925925925926,86.49681528662421,6.172839506172839,3.1847133757961785,1.2345679012345678,10.318471337579618
HK,1993,5,CT-ConCM-CB,10,8,old,771,8,48.119325551232166,37.60332384760096,21.78988326848249,42.09500122352291,30.090791180285343,20.30167492887613
HK,1993,5,CT-ConCM-CB,10,8,current,12,2,100.0,100.0,0.0,0.0,0.0,0.0
HK,1993,5,CT-ConCM,10,8,old,771,8,73.02204928664072,60.662776983867126,0.0,0.0,26.977950713359274,39.337223016132874
HK,1993,5,CT-ConCM,10,8,current,12,2,0.0,0.0,100.0,100.0,0.0,0.0
HK,1993,6,CT-ConCM-CB,12,10,old,783,10,0.6385696040868455,0.30303030303030304,99.36143039591315,99.69696969696969,0.0,0.0
HK,1993,6,CT-ConCM-CB,12,10,current,181,2,82.87292817679558,90.3125,0.0,0.0,17.12707182320442,9.6875
HK,1993,6,CT-ConCM,12,10,old,783,10,1.9157088122605364,0.9138443256090315,97.44572158365263,98.77386075063107,0.6385696040868455,0.3122949237598919
HK,1993,6,CT-ConCM,12,10,current,181,2,88.95027624309392,52.38095238095239,0.0,0.0,11.049723756906078,47.61904761904761
HK,1993,7,CT-ConCM-CB,14,12,old,964,12,3.630705394190872,2.166080447330447,91.70124481327801,92.50276222094561,4.668049792531121,5.331157331723933
HK,1993,7,CT-ConCM-CB,14,12,current,93,2,82.79569892473118,84.62121212121212,2.1505376344086025,2.348484848484848,15.053763440860216,13.030303030303031
HK,1993,7,CT-ConCM,14,12,old,964,12,2.0746887966804977,1.0258838383838385,83.81742738589212,90.7200403794961,14.107883817427386,8.254075782120063
HK,1993,7,CT-ConCM,14,12,current,93,2,63.44086021505376,49.166666666666664,1.0752688172043012,0.8333333333333334,35.483870967741936,50.0
HK,1993,8,CT-ConCM-CB,16,14,old,1057,14,0.0,0.0,99.90539262062441,99.95670995670996,0.0946073793755913,0.04329004329004329
HK,1993,8,CT-ConCM-CB,16,14,current,166,2,95.78313253012048,97.86585365853658,0.0,0.0,4.216867469879518,2.1341463414634148
HK,1993,8,CT-ConCM,16,14,old,1057,14,23.36802270577105,11.155906152786061,51.27719962157048,74.23696383465186,25.354777672658468,14.60713001256209
HK,1993,8,CT-ConCM,16,14,current,166,2,98.79518072289156,50.0,0.0,0.0,1.2048192771084338,50.0
HK,1993,9,CT-ConCM-CB,18,16,old,1223,16,0.0,0.0,98.52820932134097,99.10075487925339,1.4717906786590351,0.8992451207466196
HK,1993,9,CT-ConCM-CB,18,16,current,124,2,99.19354838709677,99.59349593495934,0.0,0.0,0.8064516129032258,0.40650406504065045
HK,1993,9,CT-ConCM,18,16,old,1223,16,1.3082583810302535,0.6292221578845782,94.6852003270646,96.1652766984017,4.006541291905151,3.2055011437137204
HK,1993,9,CT-ConCM,18,16,current,124,2,97.58064516129032,49.1869918699187,1.6129032258064515,0.8130081300813009,0.8064516129032258,50.0
HK,1993,10,CT-ConCM-CB,20,18,old,1347,18,1.0393466963622866,0.6210478771454382,97.7728285077951,96.76887969609417,1.1878247958426131,2.610072426760401
HK,1993,10,CT-ConCM-CB,20,18,current,67,2,92.53731343283582,46.96969696969697,0.0,0.0,7.462686567164178,53.03030303030303
HK,1993,10,CT-ConCM,20,18,old,1347,18,3.8604305864884925,2.1612544154100783,85.82034149962881,86.73468694966459,10.319227913882703,11.104058634925346
HK,1993,10,CT-ConCM,20,18,current,67,2,94.02985074626866,47.72727272727273,4.477611940298507,2.272727272727273,1.4925373134328357,50.0
HK,1993,11,CT-ConCM-CB,23,20,old,1414,20,0.0,0.0,100.0,100.0,0.0,0.0
HK,1993,11,CT-ConCM-CB,23,20,current,284,3,97.88732394366197,98.23008849557522,0.0,0.0,2.112676056338028,1.7699115044247788
HK,1993,11,CT-ConCM,23,20,old,1414,20,0.4243281471004243,0.38961038961038963,96.53465346534654,98.08140432170967,3.041018387553041,1.5289852886799307
HK,1993,11,CT-ConCM,23,20,current,284,3,94.71830985915493,92.9905885658098,0.35211267605633806,0.2949852507374631,4.929577464788732,6.714426183452732
HK,1994,1,CT-J-CB,2,0,current,29,2,100.0,100.0,0.0,0.0,0.0,0.0
HK,1994,1,CT-J-Stale,2,0,current,29,2,100.0,100.0,0.0,0.0,0.0,0.0
HK,1994,1,PT-CB,2,0,current,29,2,100.0,100.0,0.0,0.0,0.0,0.0
HK,1994,1,CT-Risk,2,0,current,29,2,100.0,100.0,0.0,0.0,0.0,0.0
HK,1994,2,CT-J-CB,4,2,old,29,2,96.55172413793103,93.75,3.4482758620689653,6.25,0.0,0.0
HK,1994,2,CT-J-CB,4,2,current,201,2,95.52238805970148,93.5594512195122,3.9800995024875623,6.128048780487805,0.4975124378109453,0.3125
HK,1994,2,CT-J-Stale,4,2,old,29,2,96.55172413793103,93.75,3.4482758620689653,6.25,0.0,0.0
HK,1994,2,CT-J-Stale,4,2,current,201,2,96.01990049751244,95.68597560975608,2.4875621890547266,3.376524390243903,1.4925373134328357,0.9375
HK,1994,2,PT-CB,4,2,old,29,2,100.0,100.0,0.0,0.0,0.0,0.0
HK,1994,2,PT-CB,4,2,current,201,2,96.01990049751244,93.8719512195122,3.482587064676617,5.815548780487805,0.4975124378109453,0.3125
HK,1994,2,CT-Risk,4,2,old,29,2,96.55172413793103,93.75,3.4482758620689653,6.25,0.0,0.0
HK,1994,2,CT-Risk,4,2,current,201,2,95.52238805970148,93.5594512195122,3.9800995024875623,6.128048780487805,0.4975124378109453,0.3125
HK,1994,3,CT-J-CB,6,4,old,230,4,89.56521739130436,77.56877903600464,6.521739130434782,15.788690476190476,3.91304347826087,6.642530487804878
HK,1994,3,CT-J-CB,6,4,current,169,2,98.81656804733728,87.19696969696969,1.183431952662722,12.803030303030303,0.0,0.0
HK,1994,3,CT-J-Stale,6,4,old,230,4,74.34782608695653,62.21798780487805,22.17391304347826,29.6875,3.4782608695652173,8.094512195121952
HK,1994,3,CT-J-Stale,6,4,current,169,2,100.0,100.0,0.0,0.0,0.0,0.0
HK,1994,3,PT-CB,6,4,old,230,4,93.91304347826087,90.37383855981417,2.608695652173913,6.1086309523809526,3.4782608695652173,3.5175304878048776
HK,1994,3,PT-CB,6,4,current,169,2,98.22485207100591,62.5,1.7751479289940828,37.5,0.0,0.0
HK,1994,3,CT-Risk,6,4,old,230,4,89.56521739130436,77.56877903600464,6.521739130434782,15.788690476190476,3.91304347826087,6.642530487804878
HK,1994,3,CT-Risk,6,4,current,169,2,98.81656804733728,87.19696969696969,1.183431952662722,12.803030303030303,0.0,0.0
HK,1994,4,CT-J-CB,8,6,old,399,6,91.47869674185463,77.86150925632633,2.2556390977443606,1.623827561327561,6.265664160401002,20.51466318234611
HK,1994,4,CT-J-CB,8,6,current,7,2,57.14285714285714,40.0,42.857142857142854,60.0,0.0,0.0
HK,1994,4,CT-J-Stale,8,6,old,399,6,64.91228070175438,53.89412416851441,27.819548872180448,30.158939129975714,7.268170426065162,15.946936701509873
HK,1994,4,CT-J-Stale,8,6,current,7,2,71.42857142857143,50.0,0.0,0.0,28.57142857142857,50.0
HK,1994,4,PT-CB,8,6,old,399,6,94.48621553884712,80.2593883081688,0.5012531328320802,0.20833333333333334,5.012531328320802,19.53227835849787
HK,1994,4,PT-CB,8,6,current,7,2,57.14285714285714,40.0,42.857142857142854,60.0,0.0,0.0
HK,1994,4,CT-Risk,8,6,old,399,6,91.47869674185463,77.86150925632633,2.2556390977443606,1.623827561327561,6.265664160401002,20.51466318234611
HK,1994,4,CT-Risk,8,6,current,7,2,57.14285714285714,40.0,42.857142857142854,60.0,0.0,0.0
HK,1994,5,CT-J-CB,10,8,old,406,8,80.78817733990148,52.617331855136726,12.807881773399016,23.81360699767712,6.403940886699508,23.569061147186147
HK,1994,5,CT-J-CB,10,8,current,62,2,98.38709677419355,50.0,1.6129032258064515,50.0,0.0,0.0
HK,1994,5,CT-J-Stale,10,8,old,406,8,49.50738916256158,29.168489665821983,41.37931034482759,63.867587569950366,9.113300492610838,6.963922764227642
HK,1994,5,CT-J-Stale,10,8,current,62,2,93.54838709677419,96.72131147540983,6.451612903225806,3.278688524590164,0.0,0.0
HK,1994,5,PT-CB,10,8,old,406,8,93.34975369458128,68.10041013356563,2.2167487684729066,3.8383783391405344,4.433497536945813,28.061211527293846
HK,1994,5,PT-CB,10,8,current,62,2,59.67741935483871,30.327868852459016,40.32258064516129,69.67213114754098,0.0,0.0
HK,1994,5,CT-Risk,10,8,old,406,8,80.78817733990148,52.617331855136726,12.807881773399016,23.81360699767712,6.403940886699508,23.569061147186147
HK,1994,5,CT-Risk,10,8,current,62,2,98.38709677419355,50.0,1.6129032258064515,50.0,0.0,0.0
HK,1994,6,CT-J-CB,12,10,old,468,10,39.52991452991453,29.485244430366386,41.88034188034188,27.41044372294372,18.58974358974359,43.104311846689896
HK,1994,6,CT-J-CB,12,10,current,280,2,99.64285714285714,99.68152866242038,0.35714285714285715,0.3184713375796179,0.0,0.0
HK,1994,6,CT-J-Stale,12,10,old,468,10,9.615384615384617,7.0670640834575265,83.11965811965813,78.60366762385954,7.264957264957266,14.32926829268293
HK,1994,6,CT-J-Stale,12,10,current,280,2,100.0,100.0,0.0,0.0,0.0,0.0
HK,1994,6,PT-CB,12,10,old,468,10,83.97435897435898,59.15006854401097,4.914529914529915,1.3958333333333333,11.11111111111111,39.454098122655694
HK,1994,6,PT-CB,12,10,current,280,2,92.85714285714286,93.63057324840764,7.142857142857142,6.369426751592357,0.0,0.0
HK,1994,6,CT-Risk,12,10,old,468,10,39.52991452991453,29.485244430366386,41.88034188034188,27.41044372294372,18.58974358974359,43.104311846689896
HK,1994,6,CT-Risk,12,10,current,280,2,99.64285714285714,99.68152866242038,0.35714285714285715,0.3184713375796179,0.0,0.0
HK,1994,7,CT-J-CB,14,12,old,748,12,36.898395721925134,17.26906491679484,37.4331550802139,57.37807613659621,25.668449197860966,25.352858946608947
HK,1994,7,CT-J-CB,14,12,current,171,2,99.41520467836257,99.6951219512195,0.0,0.0,0.5847953216374269,0.3048780487804878
HK,1994,7,CT-J-Stale,14,12,old,748,12,10.962566844919785,4.391310965802188,74.06417112299465,89.95212337763215,14.973262032085561,5.656565656565657
HK,1994,7,CT-J-Stale,14,12,current,171,2,99.41520467836257,99.6951219512195,0.0,0.0,0.5847953216374269,0.3048780487804878
HK,1994,7,PT-CB,14,12,old,748,12,86.22994652406418,61.32346138356911,2.272727272727273,4.8327335732373715,11.497326203208557,33.84380504319351
HK,1994,7,PT-CB,14,12,current,171,2,97.6608187134503,85.10452961672475,2.3391812865497075,14.895470383275262,0.0,0.0
HK,1994,7,CT-Risk,14,12,old,748,12,36.898395721925134,17.26906491679484,37.4331550802139,57.37807613659621,25.668449197860966,25.352858946608947
HK,1994,7,CT-Risk,14,12,current,171,2,99.41520467836257,99.6951219512195,0.0,0.0,0.5847953216374269,0.3048780487804878
HK,1994,8,CT-J-CB,16,14,old,919,14,20.783460282916213,15.666602441109198,65.83242655059848,62.77632233703149,13.384113166485308,21.557075221859307
HK,1994,8,CT-J-CB,16,14,current,22,2,100.0,100.0,0.0,0.0,0.0,0.0
HK,1994,8,CT-J-Stale,16,14,old,919,14,2.50272034820457,2.0071043938639757,95.32100108813928,93.47303688295864,2.176278563656148,4.519858723177396
HK,1994,8,CT-J-Stale,16,14,current,22,2,100.0,100.0,0.0,0.0,0.0,0.0
HK,1994,8,PT-CB,16,14,old,919,14,87.81284004352557,64.47879721437825,0.0,0.0,12.18715995647443,35.521202785621746
HK,1994,8,PT-CB,16,14,current,22,2,100.0,100.0,0.0,0.0,0.0,0.0
HK,1994,8,CT-Risk,16,14,old,919,14,20.783460282916213,15.666602441109198,65.83242655059848,62.77632233703149,13.384113166485308,21.557075221859307
HK,1994,8,CT-Risk,16,14,current,22,2,100.0,100.0,0.0,0.0,0.0,0.0
HK,1994,9,CT-J-CB,18,16,old,941,16,1.5940488841657812,6.440317812269032,79.91498405951117,78.19016487295534,18.49096705632306,15.369517314775635
HK,1994,9,CT-J-CB,18,16,current,146,2,97.94520547945206,97.59989273263609,0.0,0.0,2.054794520547945,2.4001072673639046
HK,1994,9,CT-J-Stale,18,16,old,941,16,0.3188097768331562,0.12657058388765707,99.68119022316685,99.87342941611234,0.0,0.0
HK,1994,9,CT-J-Stale,18,16,current,146,2,97.94520547945206,97.59989273263609,0.0,0.0,2.054794520547945,2.4001072673639046
HK,1994,9,PT-CB,18,16,old,941,16,87.77895855472902,67.52667962899008,0.3188097768331562,1.5866815476190474,11.902231668437832,30.88663882339088
HK,1994,9,PT-CB,18,16,current,146,2,88.35616438356165,75.31509788146955,11.643835616438356,24.684902118530438,0.0,0.0
HK,1994,9,CT-Risk,18,16,old,941,16,1.8065887353878853,6.516537324464154,80.02125398512221,78.40695315764145,18.172157279489902,15.07650951789439
HK,1994,9,CT-Risk,18,16,current,146,2,97.94520547945206,97.59989273263609,0.0,0.0,2.054794520547945,2.4001072673639046
HK,1994,10,CT-J-CB,20,18,old,1087,18,0.0,0.0,99.81600735970562,99.93160774410774,0.18399264029438822,0.06839225589225588
HK,1994,10,CT-J-CB,20,18,current,210,2,100.0,100.0,0.0,0.0,0.0,0.0
HK,1994,10,CT-J-Stale,20,18,old,1087,18,0.09199632014719411,0.03367003367003367,99.90800367985281,99.96632996632997,0.0,0.0
HK,1994,10,CT-J-Stale,20,18,current,210,2,100.0,100.0,0.0,0.0,0.0,0.0
HK,1994,10,PT-CB,20,18,old,1087,18,85.64857405703772,60.096724316600515,2.2079116835326587,8.999164884310826,12.143514259429624,30.904110799088652
HK,1994,10,PT-CB,20,18,current,210,2,83.33333333333334,86.83333333333333,16.666666666666664,13.166666666666668,0.0,0.0
HK,1994,10,CT-Risk,20,18,old,1087,18,0.0,0.0,99.81600735970562,99.93160774410774,0.18399264029438822,0.06839225589225588
HK,1994,10,CT-Risk,20,18,current,210,2,100.0,100.0,0.0,0.0,0.0,0.0
HK,1994,11,CT-J-CB,23,20,old,1297,20,4.317656129529683,1.866666666666667,87.58673862760216,89.70909343310404,8.095605242868158,8.424239900229281
HK,1994,11,CT-J-CB,23,20,current,401,3,97.2568578553616,95.30600118835414,0.0,0.0,2.7431421446384037,4.69399881164587
HK,1994,11,CT-J-Stale,23,20,old,1297,20,0.07710100231303006,0.03333333333333334,99.69159599074789,99.8237238437958,0.2313030069390902,0.14294282287085167
HK,1994,11,CT-J-Stale,23,20,current,401,3,97.75561097256858,96.31610219845514,0.0,0.0,2.2443890274314215,3.6838978015448602
HK,1994,11,PT-CB,23,20,old,1297,20,84.3484965304549,60.473388704463126,1.233616037008481,10.094491054668046,14.417887432536622,29.43212024086882
HK,1994,11,PT-CB,23,20,current,401,3,77.3067331670823,65.48995666642725,21.197007481296758,31.479740303269715,1.4962593516209477,3.0303030303030303
HK,1994,11,CT-Risk,23,20,old,1297,20,4.086353122590594,1.7666666666666668,88.2035466461064,90.02335924193204,7.710100231303008,8.209974091401298
HK,1994,11,CT-Risk,23,20,current,401,3,97.2568578553616,95.30600118835414,0.0,0.0,2.7431421446384037,4.69399881164587
HK,1994,1,CT-ConCM-CB,2,0,current,29,2,100.0,100.0,0.0,0.0,0.0,0.0
HK,1994,1,CT-ConCM,2,0,current,29,2,100.0,100.0,0.0,0.0,0.0,0.0
HK,1994,2,CT-ConCM-CB,4,2,old,29,2,79.3103448275862,62.5,20.689655172413794,37.5,0.0,0.0
HK,1994,2,CT-ConCM-CB,4,2,current,201,2,97.51243781094527,97.53048780487805,1.4925373134328357,1.8445121951219514,0.9950248756218906,0.625
HK,1994,2,CT-ConCM,4,2,old,29,2,48.275862068965516,64.28571428571428,51.724137931034484,35.714285714285715,0.0,0.0
HK,1994,2,CT-ConCM,4,2,current,201,2,83.5820895522388,74.26829268292683,15.92039800995025,24.51219512195122,0.4975124378109453,1.2195121951219512
HK,1994,3,CT-ConCM-CB,6,4,old,230,4,82.17391304347827,53.15548780487804,12.173913043478262,26.09375,5.6521739130434785,20.75076219512195
HK,1994,3,CT-ConCM-CB,6,4,current,169,2,98.81656804733728,87.19696969696969,1.183431952662722,12.803030303030303,0.0,0.0
HK,1994,3,CT-ConCM,6,4,old,230,4,80.43478260869566,50.27638646922183,10.434782608695652,21.331845238095237,9.130434782608695,28.39176829268293
HK,1994,3,CT-ConCM,6,4,current,169,2,90.53254437869822,82.95454545454545,9.467455621301776,17.045454545454547,0.0,0.0
HK,1994,4,CT-ConCM-CB,8,6,old,399,6,81.203007518797,61.2734817689086,8.771929824561402,4.332160894660894,10.025062656641603,34.3943573364305
HK,1994,4,CT-ConCM-CB,8,6,current,7,2,57.14285714285714,40.0,42.857142857142854,60.0,0.0,0.0
HK,1994,4,CT-ConCM,8,6,old,399,6,83.95989974937343,60.157652307042554,2.2556390977443606,0.9343434343434343,13.784461152882205,38.90800425861402
HK,1994,4,CT-ConCM,8,6,current,7,2,42.857142857142854,30.0,57.14285714285714,70.0,0.0,0.0
HK,1994,5,CT-ConCM-CB,10,8,old,406,8,69.95073891625616,35.689077182979624,16.25615763546798,36.8714612369338,13.793103448275861,27.439461580086583
HK,1994,5,CT-ConCM-CB,10,8,current,62,2,98.38709677419355,50.0,1.6129032258064515,50.0,0.0,0.0
HK,1994,5,CT-ConCM,10,8,old,406,8,70.6896551724138,39.512525076549466,11.330049261083744,29.84592770034843,17.980295566502463,30.6415472231021
HK,1994,5,CT-ConCM,10,8,current,62,2,88.70967741935483,45.08196721311475,11.29032258064516,54.91803278688525,0.0,0.0
HK,1994,6,CT-ConCM-CB,12,10,old,468,10,1.282051282051282,0.5721870342771982,97.64957264957265,95.37141052669841,1.0683760683760684,4.0564024390243905
HK,1994,6,CT-ConCM-CB,12,10,current,280,2,100.0,100.0,0.0,0.0,0.0,0.0
HK,1994,6,CT-ConCM,12,10,old,468,10,16.88034188034188,13.14701305624936,75.64102564102564,74.03511409289098,7.478632478632479,12.817872850859654
HK,1994,6,CT-ConCM,12,10,current,280,2,96.78571428571429,96.42949614209518,3.214285714285714,3.5705038579048214,0.0,0.0
HK,1994,7,CT-ConCM-CB,14,12,old,748,12,22.32620320855615,9.093725824345677,54.94652406417112,69.39858527377461,22.727272727272727,21.507688901879717
HK,1994,7,CT-ConCM-CB,14,12,current,171,2,99.41520467836257,99.6951219512195,0.0,0.0,0.5847953216374269,0.3048780487804878
HK,1994,7,CT-ConCM,14,12,old,748,12,31.818181818181817,14.339255759171868,38.903743315508024,51.174336613067574,29.27807486631016,34.48640762776056
HK,1994,7,CT-ConCM,14,12,current,171,2,94.73684210526315,69.90418118466899,2.923976608187134,1.524390243902439,2.3391812865497075,28.57142857142857
HK,1994,8,CT-ConCM-CB,16,14,old,919,14,18.171926006528835,14.212860310421286,67.89989118607181,64.58051299842927,13.928182807399347,21.20662669114944
HK,1994,8,CT-ConCM-CB,16,14,current,22,2,95.45454545454545,50.0,0.0,0.0,4.545454545454546,50.0
HK,1994,8,CT-ConCM,16,14,old,919,14,33.623503808487484,21.65626279887582,12.404787812840043,26.781992103619025,53.97170837867247,51.56174509750515
HK,1994,8,CT-ConCM,16,14,current,22,2,95.45454545454545,50.0,0.0,0.0,4.545454545454546,50.0
HK,1994,9,CT-ConCM-CB,18,16,old,941,16,1.0626992561105209,2.7293844367015097,94.2614240170032,94.88258660194344,4.675876726886291,2.388028961355045
HK,1994,9,CT-ConCM-CB,18,16,current,146,2,94.52054794520548,93.24215607401449,0.0,0.0,5.47945205479452,6.757843925985519
HK,1994,9,CT-ConCM,18,16,old,941,16,11.052072263549416,10.034595109139735,70.45696068012752,72.66134838983933,18.49096705632306,17.304056501020927
HK,1994,9,CT-ConCM,18,16,current,146,2,95.2054794520548,89.39393939393939,0.0,0.0,4.794520547945205,10.606060606060606
HK,1994,10,CT-ConCM-CB,20,18,old,1087,18,0.0,0.0,99.90800367985281,99.96527777777777,0.09199632014719411,0.034722222222222224
HK,1994,10,CT-ConCM-CB,20,18,current,210,2,100.0,100.0,0.0,0.0,0.0,0.0
HK,1994,10,CT-ConCM,20,18,old,1087,18,6.6237350505979755,7.077507934261909,77.18491260349586,81.54549131744211,16.19135234590616,11.377000748295979
HK,1994,10,CT-ConCM,20,18,current,210,2,99.52380952380952,99.16666666666667,0.4761904761904762,0.8333333333333334,0.0,0.0
HK,1994,11,CT-ConCM-CB,23,20,old,1297,20,0.15420200462606012,0.11666666666666668,99.46029298380878,99.67860989555153,0.3855050115651504,0.2047234377818068
HK,1994,11,CT-ConCM-CB,23,20,current,401,3,96.25935162094763,93.89488507135567,0.0,0.0,3.7406483790523692,6.1051149286443405
HK,1994,11,CT-ConCM,23,20,old,1297,20,18.350038550501157,11.403422866313635,54.741711642251346,66.37269801886924,26.908249807247493,22.223879114817112
HK,1994,11,CT-ConCM,23,20,current,401,3,93.26683291770573,88.9830213359625,3.7406483790523692,5.817929347341112,2.9925187032418954,5.1990493166963745
HK,1995,1,CT-J-CB,2,0,current,324,2,98.4567901234568,98.4375,0.0,0.0,1.5432098765432098,1.5625
HK,1995,1,CT-J-Stale,2,0,current,324,2,98.4567901234568,98.4375,0.0,0.0,1.5432098765432098,1.5625
HK,1995,1,PT-CB,2,0,current,324,2,98.4567901234568,98.4375,0.0,0.0,1.5432098765432098,1.5625
HK,1995,1,CT-Risk,2,0,current,324,2,98.4567901234568,98.4375,0.0,0.0,1.5432098765432098,1.5625
HK,1995,2,CT-J-CB,4,2,old,324,2,97.53086419753086,97.50762195121952,0.9259259259259258,0.929878048780488,1.5432098765432098,1.5625
HK,1995,2,CT-J-CB,4,2,current,68,2,100.0,100.0,0.0,0.0,0.0,0.0
HK,1995,2,CT-J-Stale,4,2,old,324,2,96.29629629629629,96.26524390243902,1.8518518518518516,1.859756097560976,1.8518518518518516,1.875
HK,1995,2,CT-J-Stale,4,2,current,68,2,100.0,100.0,0.0,0.0,0.0,0.0
HK,1995,2,PT-CB,4,2,old,324,2,97.53086419753086,97.50762195121952,0.9259259259259258,0.929878048780488,1.5432098765432098,1.5625
HK,1995,2,PT-CB,4,2,current,68,2,100.0,100.0,0.0,0.0,0.0,0.0
HK,1995,2,CT-Risk,4,2,old,324,2,97.53086419753086,97.50762195121952,0.9259259259259258,0.929878048780488,1.5432098765432098,1.5625
HK,1995,2,CT-Risk,4,2,current,68,2,100.0,100.0,0.0,0.0,0.0,0.0
HK,1995,3,CT-J-CB,6,4,old,392,4,97.95918367346938,98.76143292682926,0.25510204081632654,0.1524390243902439,1.7857142857142856,1.0861280487804876
HK,1995,3,CT-J-CB,6,4,current,124,2,98.38709677419355,49.59349593495935,1.6129032258064515,50.40650406504065,0.0,0.0
HK,1995,3,CT-J-Stale,6,4,old,392,4,93.87755102040816,93.6496443089431,3.316326530612245,4.635416666666666,2.806122448979592,1.714939024390244
HK,1995,3,CT-J-Stale,6,4,current,124,2,99.19354838709677,50.0,0.8064516129032258,50.0,0.0,0.0
HK,1995,3,PT-CB,6,4,old,392,4,98.46938775510205,99.06631097560977,0.0,0.0,1.530612244897959,0.9336890243902438
HK,1995,3,PT-CB,6,4,current,124,2,98.38709677419355,49.59349593495935,1.6129032258064515,50.40650406504065,0.0,0.0
HK,1995,3,CT-Risk,6,4,old,392,4,97.95918367346938,98.76143292682926,0.25510204081632654,0.1524390243902439,1.7857142857142856,1.0861280487804876
HK,1995,3,CT-Risk,6,4,current,124,2,98.38709677419355,49.59349593495935,1.6129032258064515,50.40650406504065,0.0,0.0
HK,1995,4,CT-J-CB,8,6,old,516,6,89.72868217054264,62.11297425474255,8.720930232558139,20.459857723577237,1.550387596899225,17.427168021680217
HK,1995,4,CT-J-CB,8,6,current,154,2,100.0,100.0,0.0,0.0,0.0,0.0
HK,1995,4,CT-J-Stale,8,6,old,516,6,34.10852713178294,28.46290650406504,65.31007751937985,71.22459349593497,0.5813953488372093,0.3125
HK,1995,4,CT-J-Stale,8,6,current,154,2,100.0,100.0,0.0,0.0,0.0,0.0
HK,1995,4,PT-CB,8,6,old,516,6,98.25581395348837,82.47120596205963,0.1937984496124031,0.10416666666666667,1.550387596899225,17.42462737127371
HK,1995,4,PT-CB,8,6,current,154,2,96.1038961038961,92.68292682926828,3.896103896103896,7.317073170731707,0.0,0.0
HK,1995,4,CT-Risk,8,6,old,516,6,89.72868217054264,62.11297425474255,8.720930232558139,20.459857723577237,1.550387596899225,17.427168021680217
HK,1995,4,CT-Risk,8,6,current,154,2,100.0,100.0,0.0,0.0,0.0,0.0
HK,1995,5,CT-J-CB,10,8,old,670,8,69.55223880597015,57.89032147096913,20.746268656716417,12.701014911144688,9.701492537313433,29.408663617886177
HK,1995,5,CT-J-CB,10,8,current,174,2,98.85057471264368,97.2922502334267,0.0,0.0,1.1494252873563218,2.7077497665732957
HK,1995,5,CT-J-Stale,10,8,old,670,8,16.567164179104477,17.374872967479675,69.85074626865672,63.41590447154473,13.582089552238804,19.209222560975608
HK,1995,5,CT-J-Stale,10,8,current,174,2,98.85057471264368,97.2922502334267,0.0,0.0,1.1494252873563218,2.7077497665732957
HK,1995,5,PT-CB,10,8,old,670,8,97.16417910447761,84.58142784552845,0.8955223880597015,0.5989583333333333,1.9402985074626864,14.819613821138208
HK,1995,5,PT-CB,10,8,current,174,2,100.0,100.0,0.0,0.0,0.0,0.0
HK,1995,5,CT-Risk,10,8,old,670,8,69.55223880597015,57.89032147096913,20.746268656716417,12.701014911144688,9.701492537313433,29.408663617886177
HK,1995,5,CT-Risk,10,8,current,174,2,98.85057471264368,97.2922502334267,0.0,0.0,1.1494252873563218,2.7077497665732957
HK,1995,6,CT-J-CB,12,10,old,844,10,53.43601895734598,56.218047660462844,35.308056872037916,26.697921371224936,11.255924170616113,17.08403096831221
HK,1995,6,CT-J-CB,12,10,current,7,2,71.42857142857143,50.0,14.285714285714285,25.0,14.285714285714285,25.0
HK,1995,6,CT-J-Stale,12,10,old,844,10,15.995260663507107,13.960281876978433,80.45023696682463,80.66203807409718,3.5545023696682465,5.377680048924383
HK,1995,6,CT-J-Stale,12,10,current,7,2,71.42857142857143,50.0,0.0,0.0,28.57142857142857,50.0
HK,1995,6,PT-CB,12,10,old,844,10,97.03791469194313,86.68951971032315,0.8293838862559242,0.8567201270752204,2.132701421800948,12.453760162601624
HK,1995,6,PT-CB,12,10,current,7,2,71.42857142857143,50.0,28.57142857142857,50.0,0.0,0.0
HK,1995,6,CT-Risk,12,10,old,844,10,53.43601895734598,56.218047660462844,35.308056872037916,26.697921371224936,11.255924170616113,17.08403096831221
HK,1995,6,CT-Risk,12,10,current,7,2,71.42857142857143,50.0,14.285714285714285,25.0,14.285714285714285,25.0
HK,1995,7,CT-J-CB,14,12,old,851,12,32.78495887191539,22.536122095971276,60.752056404230316,70.7709807008397,6.462984723854288,6.692897203189021
HK,1995,7,CT-J-CB,14,12,current,34,2,76.47058823529412,39.39393939393939,11.76470588235294,6.0606060606060606,11.76470588235294,54.54545454545454
HK,1995,7,CT-J-Stale,14,12,old,851,12,4.230317273795535,2.5656334688346885,95.76968272620446,97.43436653116531,0.0,0.0
HK,1995,7,CT-J-Stale,14,12,current,34,2,88.23529411764706,45.45454545454545,0.0,0.0,11.76470588235294,54.54545454545454
HK,1995,7,PT-CB,14,12,old,851,12,96.12220916568742,76.16983785384073,0.35252643948296125,2.2023809523809526,3.525264394829612,21.627781193778326
HK,1995,7,PT-CB,14,12,current,34,2,38.23529411764706,19.696969696969695,58.82352941176471,78.78787878787878,2.941176470588235,1.5151515151515151
HK,1995,7,CT-Risk,14,12,old,851,12,32.90246768507638,22.675010984860165,60.634547591069335,70.63209181195081,6.462984723854288,6.692897203189021
HK,1995,7,CT-Risk,14,12,current,34,2,76.47058823529412,39.39393939393939,11.76470588235294,6.0606060606060606,11.76470588235294,54.54545454545454
HK,1995,8,CT-J-CB,16,14,old,885,14,19.43502824858757,9.47405141997802,77.51412429378531,88.770779622244,3.050847457627119,1.7551689577779588
HK,1995,8,CT-J-CB,16,14,current,73,2,98.63013698630137,99.24242424242425,0.0,0.0,1.36986301369863,0.7575757575757576
HK,1995,8,CT-J-Stale,16,14,old,885,14,2.4858757062146895,1.3385598141695705,97.51412429378531,98.66144018583043,0.0,0.0
HK,1995,8,CT-J-Stale,16,14,current,73,2,100.0,100.0,0.0,0.0,0.0,0.0
HK,1995,8,PT-CB,16,14,old,885,14,93.44632768361582,64.86640489529145,1.807909604519774,15.722671274718314,4.745762711864407,19.410923829990235
HK,1995,8,PT-CB,16,14,current,73,2,35.61643835616438,51.62337662337663,64.38356164383562,48.37662337662337,0.0,0.0
HK,1995,8,CT-Risk,16,14,old,885,14,19.774011299435028,9.682384753311354,77.28813559322035,88.60708914605355,2.937853107344633,1.710526100635101
HK,1995,8,CT-Risk,16,14,current,73,2,98.63013698630137,99.24242424242425,0.0,0.0,1.36986301369863,0.7575757575757576
HK,1995,9,CT-J-CB,18,16,old,958,16,3.653444676409186,4.068670150987224,80.06263048016702,67.67707187066021,16.2839248434238,28.25425797835257
HK,1995,9,CT-J-CB,18,16,current,218,2,100.0,100.0,0.0,0.0,0.0,0.0
HK,1995,9,CT-J-Stale,18,16,old,958,16,0.8350730688935281,0.40650406504065045,99.16492693110646,99.59349593495935,0.0,0.0
HK,1995,9,CT-J-Stale,18,16,current,218,2,100.0,100.0,0.0,0.0,0.0,0.0
HK,1995,9,PT-CB,18,16,old,958,16,88.62212943632568,62.04888089751791,0.6263048016701461,3.3814242160278742,10.751565762004175,34.56969488645421
HK,1995,9,PT-CB,18,16,current,218,2,85.77981651376146,75.09136472799416,14.220183486238533,24.908635272005846,0.0,0.0
HK,1995,9,CT-Risk,18,16,old,958,16,3.653444676409186,4.068670150987224,80.27139874739039,67.90552831005414,16.075156576200417,28.02580153895863
HK,1995,9,CT-Risk,18,16,current,218,2,100.0,100.0,0.0,0.0,0.0,0.0
HK,1995,10,CT-J-CB,20,18,old,1176,18,1.530612244897959,1.1938324457902614,96.34353741496598,94.6669237808196,2.1258503401360542,4.139243773390114
HK,1995,10,CT-J-CB,20,18,current,186,2,100.0,100.0,0.0,0.0,0.0,0.0
HK,1995,10,CT-J-Stale,20,18,old,1176,18,0.3401360544217687,0.18066847335140018,99.65986394557824,99.8193315266486,0.0,0.0
HK,1995,10,CT-J-Stale,20,18,current,186,2,100.0,100.0,0.0,0.0,0.0,0.0
HK,1995,10,PT-CB,20,18,old,1176,18,86.64965986394559,62.302925309090455,1.9557823129251701,4.913654028698276,11.394557823129253,32.78342066221127
HK,1995,10,PT-CB,20,18,current,186,2,97.84946236559139,50.0,2.1505376344086025,50.0,0.0,0.0
HK,1995,10,CT-Risk,20,18,old,1176,18,1.445578231292517,1.1027577645516455,96.51360544217688,94.79187380081162,2.0408163265306123,4.105368434636728
HK,1995,10,CT-Risk,20,18,current,186,2,100.0,100.0,0.0,0.0,0.0,0.0
HK,1995,11,CT-J-CB,23,20,old,1362,20,0.2936857562408223,1.3324175824175823,92.29074889867842,92.03336156981719,7.415565345080763,6.634220847765225
HK,1995,11,CT-J-CB,23,20,current,336,3,100.0,100.0,0.0,0.0,0.0,0.0
HK,1995,11,CT-J-Stale,23,20,old,1362,20,0.0,0.0,100.0,100.0,0.0,0.0
HK,1995,11,CT-J-Stale,23,20,current,336,3,100.0,100.0,0.0,0.0,0.0,0.0
HK,1995,11,PT-CB,23,20,old,1362,20,82.30543318649045,56.999912507457516,6.093979441997063,5.993017073476291,11.600587371512482,37.007070419066196
HK,1995,11,PT-CB,23,20,current,336,3,84.22619047619048,88.64646464646464,15.773809523809524,11.353535353535353,0.0,0.0
HK,1995,11,CT-Risk,23,20,old,1362,20,0.2936857562408223,1.3324175824175823,93.17180616740089,92.828776326629,6.534508076358296,5.83880609095341
HK,1995,11,CT-Risk,23,20,current,336,3,100.0,100.0,0.0,0.0,0.0,0.0
HK,1995,1,CT-ConCM-CB,2,0,current,324,2,98.4567901234568,98.4375,0.0,0.0,1.5432098765432098,1.5625
HK,1995,1,CT-ConCM,2,0,current,324,2,98.14814814814815,98.16310975609757,0.0,0.0,1.8518518518518516,1.8368902439024388
HK,1995,2,CT-ConCM-CB,4,2,old,324,2,97.8395061728395,97.82012195121952,0.9259259259259258,0.929878048780488,1.2345679012345678,1.25
HK,1995,2,CT-ConCM-CB,4,2,current,68,2,100.0,100.0,0.0,0.0,0.0,0.0
HK,1995,2,CT-ConCM,4,2,old,324,2,82.4074074074074,82.55335365853658,17.28395061728395,17.134146341463413,0.30864197530864196,0.3125
HK,1995,2,CT-ConCM,4,2,current,68,2,88.23529411764706,93.33333333333333,11.76470588235294,6.666666666666667,0.0,0.0
HK,1995,3,CT-ConCM-CB,6,4,old,392,4,98.21428571428571,98.91006097560975,0.0,0.0,1.7857142857142856,1.0899390243902438
HK,1995,3,CT-ConCM-CB,6,4,current,124,2,98.38709677419355,49.59349593495935,1.6129032258064515,50.40650406504065,0.0,0.0
HK,1995,3,CT-ConCM,6,4,old,392,4,90.3061224489796,90.69613821138212,5.1020408163265305,6.498983739837398,4.591836734693878,2.804878048780488
HK,1995,3,CT-ConCM,6,4,current,124,2,99.19354838709677,50.0,0.8064516129032258,50.0,0.0,0.0
HK,1995,4,CT-ConCM-CB,8,6,old,516,6,87.98449612403101,60.94935636856368,10.852713178294573,21.831808943089428,1.1627906976744187,17.218834688346885
HK,1995,4,CT-ConCM-CB,8,6,current,154,2,99.35064935064936,98.78048780487805,0.6493506493506493,1.2195121951219512,0.0,0.0
HK,1995,4,CT-ConCM,8,6,old,516,6,83.52713178294574,71.91819105691057,9.30232558139535,6.96900406504065,7.170542635658915,21.11280487804878
HK,1995,4,CT-ConCM,8,6,current,154,2,92.20779220779221,85.36585365853658,7.792207792207792,14.634146341463413,0.0,0.0
HK,1995,5,CT-ConCM-CB,10,8,old,670,8,67.91044776119402,67.16199231959135,24.328358208955223,15.940776989351752,7.761194029850746,16.89723069105691
HK,1995,5,CT-ConCM-CB,10,8,current,174,2,100.0,100.0,0.0,0.0,0.0,0.0
HK,1995,5,CT-ConCM,10,8,old,670,8,84.6268656716418,67.88463311209439,7.611940298507462,4.815443107417799,7.761194029850746,27.299923780487806
HK,1995,5,CT-ConCM,10,8,current,174,2,99.42528735632183,99.67320261437908,0.5747126436781609,0.32679738562091504,0.0,0.0
HK,1995,6,CT-ConCM-CB,12,10,old,844,10,68.48341232227489,67.92132210103985,20.260663507109005,15.755772474109436,11.255924170616113,16.32290542485071
HK,1995,6,CT-ConCM-CB,12,10,current,7,2,71.42857142857143,50.0,14.285714285714285,25.0,14.285714285714285,25.0
HK,1995,6,CT-ConCM,12,10,old,844,10,84.71563981042654,70.09302959798208,0.11848341232227488,0.0625,15.165876777251185,29.844470402017915
HK,1995,6,CT-ConCM,12,10,current,7,2,14.285714285714285,10.0,85.71428571428571,90.0,0.0,0.0
HK,1995,7,CT-ConCM-CB,14,12,old,851,12,38.54289071680376,30.08795066729236,55.229142185663925,59.143011692109994,6.227967097532315,10.769037640597645
HK,1995,7,CT-ConCM-CB,14,12,current,34,2,85.29411764705883,43.93939393939394,2.941176470588235,1.5151515151515151,11.76470588235294,54.54545454545454
HK,1995,7,CT-ConCM,14,12,old,851,12,50.76380728554641,34.98955464203573,18.566392479435958,22.600294265186708,30.669800235017625,42.41015109277757
HK,1995,7,CT-ConCM,14,12,current,34,2,61.76470588235294,31.818181818181817,38.23529411764706,68.18181818181819,0.0,0.0
HK,1995,8,CT-ConCM-CB,16,14,old,885,14,2.824858757062147,1.5127758420441348,97.06214689265536,98.27077394150565,0.11299435028248588,0.21645021645021645
HK,1995,8,CT-ConCM-CB,16,14,current,73,2,98.63013698630137,99.24242424242425,0.0,0.0,1.36986301369863,0.7575757575757576
HK,1995,8,CT-ConCM,16,14,old,885,14,2.0338983050847457,1.0452961672473866,96.38418079096044,97.9938430471967,1.5819209039548021,0.9608607855559075
HK,1995,8,CT-ConCM,16,14,current,73,2,100.0,100.0,0.0,0.0,0.0,0.0
HK,1995,9,CT-ConCM-CB,18,16,old,958,16,1.0438413361169103,0.5081300813008129,98.8517745302714,99.30247597930524,0.10438413361169101,0.1893939393939394
HK,1995,9,CT-ConCM-CB,18,16,current,218,2,100.0,100.0,0.0,0.0,0.0,0.0
HK,1995,9,CT-ConCM,18,16,old,958,16,12.630480167014612,6.034025042269228,83.40292275574113,91.74845191978315,3.966597077244259,2.217523037947626
HK,1995,9,CT-ConCM,18,16,current,218,2,97.70642201834863,95.9016393442623,2.293577981651376,4.098360655737705,0.0,0.0
HK,1995,10,CT-ConCM-CB,20,18,old,1176,18,0.08503401360544217,0.045167118337850046,99.91496598639455,99.95483288166214,0.0,0.0
HK,1995,10,CT-ConCM-CB,20,18,current,186,2,100.0,100.0,0.0,0.0,0.0,0.0
HK,1995,10,CT-ConCM,20,18,old,1176,18,7.3979591836734695,4.621914944819997,72.27891156462584,71.32115165652196,20.32312925170068,24.05693339865806
HK,1995,10,CT-ConCM,20,18,current,186,2,97.84946236559139,50.0,2.1505376344086025,50.0,0.0,0.0
HK,1995,11,CT-ConCM-CB,23,20,old,1362,20,0.0,0.0,99.77973568281938,99.69696969696969,0.22026431718061676,0.30303030303030304
HK,1995,11,CT-ConCM-CB,23,20,current,336,3,100.0,100.0,0.0,0.0,0.0,0.0
HK,1995,11,CT-ConCM,23,20,old,1362,20,1.0279001468428781,0.38839285714285715,83.40675477239354,80.43917503840674,15.565345080763581,19.172432104450394
HK,1995,11,CT-ConCM,23,20,current,336,3,97.91666666666666,90.27417027417027,0.8928571428571428,3.3766233766233764,1.1904761904761905,6.349206349206349
ISIC,1993,1,CT-J-CB,2,0,current,85,2,97.6470588235294,97.5609756097561,0.0,0.0,2.3529411764705883,2.4390243902439024
ISIC,1993,1,CT-J-Stale,2,0,current,85,2,97.6470588235294,97.5609756097561,0.0,0.0,2.3529411764705883,2.4390243902439024
ISIC,1993,1,PT-CB,2,0,current,85,2,95.29411764705881,95.28824833702882,0.0,0.0,4.705882352941177,4.711751662971175
ISIC,1993,1,CT-Risk,2,0,current,85,2,97.6470588235294,97.5609756097561,0.0,0.0,2.3529411764705883,2.4390243902439024
ISIC,1993,2,CT-J-CB,4,2,old,85,2,69.41176470588235,69.04101995565411,29.411764705882355,29.73946784922395,1.1764705882352942,1.2195121951219512
ISIC,1993,2,CT-J-CB,4,2,current,64,2,73.4375,69.58333333333333,18.75,20.0,7.8125,10.416666666666668
ISIC,1993,2,CT-J-Stale,4,2,old,85,2,38.82352941176471,38.66407982261641,61.1764705882353,61.3359201773836,0.0,0.0
ISIC,1993,2,CT-J-Stale,4,2,current,64,2,82.8125,78.75,4.6875,5.416666666666667,12.5,15.833333333333336
ISIC,1993,2,PT-CB,4,2,old,85,2,84.70588235294117,84.47893569844788,12.941176470588237,13.16518847006652,2.3529411764705883,2.3558758314855877
ISIC,1993,2,PT-CB,4,2,current,64,2,51.5625,51.24999999999999,35.9375,34.583333333333336,12.5,14.166666666666666
ISIC,1993,2,CT-Risk,4,2,old,85,2,69.41176470588235,69.04101995565411,29.411764705882355,29.73946784922395,1.1764705882352942,1.2195121951219512
ISIC,1993,2,CT-Risk,4,2,current,64,2,73.4375,69.58333333333333,18.75,20.0,7.8125,10.416666666666668
ISIC,1993,3,CT-J-CB,6,4,old,149,4,58.38926174496645,58.06310051736882,18.79194630872483,17.903732446415376,22.818791946308725,24.033167036215815
ISIC,1993,3,CT-J-CB,6,4,current,63,2,79.36507936507937,80.14553014553015,17.46031746031746,16.008316008316008,3.1746031746031744,3.8461538461538463
ISIC,1993,3,CT-J-Stale,6,4,old,149,4,26.845637583892618,27.712028824833702,63.08724832214765,62.32631189948263,10.06711409395973,9.961659275683665
ISIC,1993,3,CT-J-Stale,6,4,current,63,2,92.06349206349206,91.52806652806653,4.761904761904762,4.625779625779626,3.1746031746031744,3.8461538461538463
ISIC,1993,3,PT-CB,6,4,old,149,4,64.42953020134227,62.81966001478197,10.738255033557047,11.847745750184776,24.832214765100673,25.332594235033255
ISIC,1993,3,PT-CB,6,4,current,63,2,65.07936507936508,68.55509355509355,33.33333333333333,29.521829521829524,1.5873015873015872,1.9230769230769231
ISIC,1993,3,CT-Risk,6,4,old,149,4,57.71812080536913,57.49491869918699,18.79194630872483,17.903732446415376,23.48993288590604,24.601348854397635
ISIC,1993,3,CT-Risk,6,4,current,63,2,79.36507936507937,80.14553014553015,17.46031746031746,16.008316008316008,3.1746031746031744,3.8461538461538463
ISIC,1993,4,CT-J-CB,8,6,old,212,6,42.45283018867924,44.956022882852146,45.75471698113208,43.439535177340055,11.79245283018868,11.604441939807792
ISIC,1993,4,CT-J-CB,8,6,current,83,2,81.92771084337349,81.58049353701527,10.843373493975903,10.840188014101058,7.228915662650602,7.579318448883667
ISIC,1993,4,CT-J-Stale,8,6,old,212,6,9.90566037735849,13.72863247863248,90.09433962264151,86.27136752136751,0.0,0.0
ISIC,1993,4,CT-J-Stale,8,6,current,83,2,90.36144578313254,89.98237367802587,0.0,0.0,9.63855421686747,10.017626321974149
ISIC,1993,4,PT-CB,8,6,old,212,6,57.07547169811321,58.19141608775755,12.264150943396226,12.018461835535007,30.660377358490564,29.790122076707444
ISIC,1993,4,PT-CB,8,6,current,83,2,46.98795180722892,47.41480611045829,50.602409638554214,50.146886016451234,2.4096385542168677,2.4383078730904817
ISIC,1993,4,CT-Risk,8,6,old,212,6,42.924528301886795,45.372689549518824,44.81132075471698,42.61636444563274,12.264150943396226,12.010946004848444
ISIC,1993,4,CT-Risk,8,6,current,83,2,80.72289156626506,80.49353701527615,12.048192771084338,11.927144535840188,7.228915662650602,7.579318448883667
ISIC,1993,1,CT-ConCM-CB,2,0,current,85,2,97.6470588235294,97.5609756097561,0.0,0.0,2.3529411764705883,2.4390243902439024
ISIC,1993,1,CT-ConCM,2,0,current,85,2,83.52941176470588,82.92682926829269,0.0,0.0,16.470588235294116,17.073170731707318
ISIC,1993,2,CT-ConCM-CB,4,2,old,85,2,0.0,0.0,100.0,100.0,0.0,0.0
ISIC,1993,2,CT-ConCM-CB,4,2,current,64,2,75.0,70.0,0.0,0.0,25.0,30.0
ISIC,1993,2,CT-ConCM,4,2,old,85,2,0.0,0.0,100.0,100.0,0.0,0.0
ISIC,1993,2,CT-ConCM,4,2,current,64,2,62.5,50.0,0.0,0.0,37.5,50.0
ISIC,1993,3,CT-ConCM-CB,6,4,old,149,4,5.369127516778524,5.359848484848484,82.5503355704698,83.75785291943828,12.080536912751679,10.882298595713232
ISIC,1993,3,CT-ConCM-CB,6,4,current,63,2,90.47619047619048,89.6049896049896,3.1746031746031744,3.2744282744282747,6.349206349206349,7.120582120582121
ISIC,1993,3,CT-ConCM,6,4,old,149,4,12.080536912751679,14.583333333333332,57.04697986577181,56.72810421286031,30.87248322147651,28.688562453806355
ISIC,1993,3,CT-ConCM,6,4,current,63,2,50.79365079365079,44.386694386694394,38.095238095238095,42.15176715176715,11.11111111111111,13.461538461538462
ISIC,1993,4,CT-ConCM-CB,8,6,old,212,6,1.8867924528301887,2.6175213675213675,97.16981132075472,96.5593079007713,0.9433962264150944,0.8231707317073171
ISIC,1993,4,CT-ConCM-CB,8,6,current,83,2,89.1566265060241,88.36662749706228,0.0,0.0,10.843373493975903,11.633372502937721
ISIC,1993,4,CT-ConCM,8,6,old,212,6,0.0,0.0,100.0,100.0,0.0,0.0
ISIC,1993,4,CT-ConCM,8,6,current,83,2,89.1566265060241,89.15981198589894,0.0,0.0,10.843373493975903,10.840188014101058
ISIC,1994,1,CT-J-CB,2,0,current,64,2,79.6875,73.75,0.0,0.0,20.3125,26.25
ISIC,1994,1,CT-J-Stale,2,0,current,64,2,79.6875,73.75,0.0,0.0,20.3125,26.25
ISIC,1994,1,PT-CB,2,0,current,64,2,81.25,75.83333333333333,0.0,0.0,18.75,24.166666666666668
ISIC,1994,1,CT-Risk,2,0,current,64,2,79.6875,73.75,0.0,0.0,20.3125,26.25
ISIC,1994,2,CT-J-CB,4,2,old,64,2,60.9375,60.41666666666667,29.6875,30.41666666666667,9.375,9.166666666666668
ISIC,1994,2,CT-J-CB,4,2,current,78,2,55.12820512820513,55.207646671061305,17.94871794871795,17.600527356624916,26.923076923076923,27.191825972313776
ISIC,1994,2,CT-J-Stale,4,2,old,64,2,17.1875,17.916666666666668,81.25,80.0,1.5625,2.083333333333333
ISIC,1994,2,CT-J-Stale,4,2,current,78,2,58.97435897435898,58.99802241265656,11.538461538461538,11.502966381015161,29.48717948717949,29.49901120632828
ISIC,1994,2,PT-CB,4,2,old,64,2,68.75,65.83333333333333,20.3125,22.083333333333332,10.9375,12.083333333333332
ISIC,1994,2,PT-CB,4,2,current,78,2,51.28205128205128,51.28543177323665,17.94871794871795,17.73236651285432,30.76923076923077,30.98220171390903
ISIC,1994,2,CT-Risk,4,2,old,64,2,60.9375,60.41666666666667,29.6875,30.41666666666667,9.375,9.166666666666668
ISIC,1994,2,CT-Risk,4,2,current,78,2,55.12820512820513,55.207646671061305,17.94871794871795,17.600527356624916,26.923076923076923,27.191825972313776
ISIC,1994,3,CT-J-CB,6,4,old,142,4,40.140845070422536,41.064051856734785,28.169014084507044,27.99741814985717,31.690140845070424,30.938529993408043
ISIC,1994,3,CT-J-CB,6,4,current,81,2,80.24691358024691,79.66830466830467,4.938271604938271,5.190417690417691,14.814814814814813,15.141277641277643
ISIC,1994,3,CT-J-Stale,6,4,old,142,4,0.0,0.0,100.0,100.0,0.0,0.0
ISIC,1994,3,CT-J-Stale,6,4,current,81,2,83.9506172839506,83.507371007371,0.0,0.0,16.049382716049383,16.492628992628994
ISIC,1994,3,PT-CB,6,4,old,142,4,52.816901408450704,52.40606460118655,11.971830985915492,12.677845528455286,35.2112676056338,34.91608987035817
ISIC,1994,3,PT-CB,6,4,current,81,2,62.96296296296296,61.82432432432432,23.456790123456788,24.600737100737103,13.580246913580247,13.574938574938574
ISIC,1994,3,CT-Risk,6,4,old,142,4,40.845070422535215,41.63837618105911,28.169014084507044,28.41408481652384,30.985915492957744,29.947539002417056
ISIC,1994,3,CT-Risk,6,4,current,81,2,80.24691358024691,79.66830466830467,4.938271604938271,5.190417690417691,14.814814814814813,15.141277641277643
ISIC,1994,4,CT-J-CB,8,6,old,223,6,23.766816143497756,22.627627627627632,63.22869955156951,64.35727579020262,13.004484304932735,13.015096582169756
ISIC,1994,4,CT-J-CB,8,6,current,72,2,91.66666666666666,89.29765886287626,1.3888888888888888,1.0869565217391304,6.944444444444445,9.615384615384617
ISIC,1994,4,CT-J-Stale,8,6,old,223,6,1.7937219730941705,1.8018018018018018,97.75784753363229,97.81941031941032,0.4484304932735426,0.3787878787878788
ISIC,1994,4,CT-J-Stale,8,6,current,72,2,93.05555555555556,90.38461538461539,0.0,0.0,6.944444444444445,9.615384615384617
ISIC,1994,4,PT-CB,8,6,old,223,6,52.01793721973094,51.365359261700725,6.278026905829597,6.71588162441821,41.70403587443946,41.91875911388107
ISIC,1994,4,PT-CB,8,6,current,72,2,61.111111111111114,67.89297658862876,36.11111111111111,29.09698996655518,2.7777777777777777,3.0100334448160537
ISIC,1994,4,CT-Risk,8,6,old,223,6,24.663677130044842,23.46096096096096,62.78026905829597,63.94060912353595,12.556053811659194,12.598429915503088
ISIC,1994,4,CT-Risk,8,6,current,72,2,91.66666666666666,89.29765886287626,1.3888888888888888,1.0869565217391304,6.944444444444445,9.615384615384617
ISIC,1994,1,CT-ConCM-CB,2,0,current,64,2,79.6875,73.75,0.0,0.0,20.3125,26.25
ISIC,1994,1,CT-ConCM,2,0,current,64,2,70.3125,60.416666666666664,0.0,0.0,29.6875,39.58333333333333
ISIC,1994,2,CT-ConCM-CB,4,2,old,64,2,6.25,7.5,92.1875,90.41666666666667,1.5625,2.083333333333333
ISIC,1994,2,CT-ConCM-CB,4,2,current,78,2,64.1025641025641,64.00791034937376,0.0,0.0,35.8974358974359,35.992089650626234
ISIC,1994,2,CT-ConCM,4,2,old,64,2,4.6875,4.583333333333334,93.75,93.33333333333333,1.5625,2.083333333333333
ISIC,1994,2,CT-ConCM,4,2,current,78,2,56.41025641025641,55.767963085036264,16.666666666666664,16.776532630191166,26.923076923076923,27.45550428477258
ISIC,1994,3,CT-ConCM-CB,6,4,old,142,4,0.0,0.0,98.59154929577466,98.78048780487805,1.4084507042253522,1.2195121951219512
ISIC,1994,3,CT-ConCM-CB,6,4,current,81,2,81.48148148148148,81.23464373464373,0.0,0.0,18.51851851851852,18.765356265356264
ISIC,1994,3,CT-ConCM,6,4,old,142,4,0.0,0.0,100.0,100.0,0.0,0.0
ISIC,1994,3,CT-ConCM,6,4,current,81,2,85.18518518518519,83.9987714987715,0.0,0.0,14.814814814814813,16.0012285012285
ISIC,1994,4,CT-ConCM-CB,8,6,old,223,6,2.242152466367713,1.9656019656019657,95.51569506726457,95.96941731088073,2.242152466367713,2.064980723517309
ISIC,1994,4,CT-ConCM-CB,8,6,current,72,2,80.55555555555556,78.92976588628761,2.7777777777777777,2.1739130434782608,16.666666666666664,18.896321070234112
ISIC,1994,4,CT-ConCM,8,6,old,223,6,0.0,0.0,99.10313901345292,99.09909909909909,0.8968609865470852,0.9009009009009009
ISIC,1994,4,CT-ConCM,8,6,current,72,2,63.888888888888886,50.0,0.0,0.0,36.11111111111111,50.0
ISIC,1995,1,CT-J-CB,2,0,current,77,2,85.71428571428571,85.74324324324326,0.0,0.0,14.285714285714285,14.256756756756756
ISIC,1995,1,CT-J-Stale,2,0,current,77,2,85.71428571428571,85.74324324324326,0.0,0.0,14.285714285714285,14.256756756756756
ISIC,1995,1,PT-CB,2,0,current,77,2,83.11688311688312,82.9391891891892,0.0,0.0,16.883116883116884,17.06081081081081
ISIC,1995,1,CT-Risk,2,0,current,77,2,85.71428571428571,85.74324324324326,0.0,0.0,14.285714285714285,14.256756756756756
ISIC,1995,2,CT-J-CB,4,2,old,77,2,46.75324675324675,46.41891891891892,49.35064935064935,49.527027027027025,3.896103896103896,4.054054054054054
ISIC,1995,2,CT-J-CB,4,2,current,70,2,94.28571428571428,94.66783216783216,4.285714285714286,3.4090909090909087,1.4285714285714286,1.9230769230769231
ISIC,1995,2,CT-J-Stale,4,2,old,77,2,9.090909090909092,9.054054054054054,89.6103896103896,89.5945945945946,1.2987012987012987,1.3513513513513513
ISIC,1995,2,CT-J-Stale,4,2,current,70,2,98.57142857142858,98.07692307692308,0.0,0.0,1.4285714285714286,1.9230769230769231
ISIC,1995,2,PT-CB,4,2,old,77,2,74.02597402597402,73.78378378378379,15.584415584415584,15.506756756756756,10.38961038961039,10.70945945945946
ISIC,1995,2,PT-CB,4,2,current,70,2,85.71428571428571,87.84965034965036,11.428571428571429,9.090909090909092,2.857142857142857,3.0594405594405596
ISIC,1995,2,CT-Risk,4,2,old,77,2,46.75324675324675,46.41891891891892,49.35064935064935,49.527027027027025,3.896103896103896,4.054054054054054
ISIC,1995,2,CT-Risk,4,2,current,70,2,94.28571428571428,94.66783216783216,4.285714285714286,3.4090909090909087,1.4285714285714286,1.9230769230769231
ISIC,1995,3,CT-J-CB,6,4,old,147,4,53.06122448979592,55.517269892269894,27.89115646258503,26.23487998487998,19.047619047619047,18.247850122850124
ISIC,1995,3,CT-J-CB,6,4,current,78,2,60.256410256410255,60.21753460777851,5.128205128205128,5.009887936717205,34.61538461538461,34.77257745550428
ISIC,1995,3,CT-J-Stale,6,4,old,147,4,33.33333333333333,37.21059346059346,58.50340136054422,54.934676809676816,8.16326530612245,7.85472972972973
ISIC,1995,3,CT-J-Stale,6,4,current,78,2,66.66666666666666,66.71061305207647,0.0,0.0,33.33333333333333,33.28938694792354
ISIC,1995,3,PT-CB,6,4,old,147,4,63.26530612244898,65.17612455112456,15.646258503401361,14.952631827631826,21.08843537414966,19.87124362124362
ISIC,1995,3,PT-CB,6,4,current,78,2,53.84615384615385,53.59261700725115,12.82051282051282,12.590639419907712,33.33333333333333,33.81674357284113
ISIC,1995,3,CT-Risk,6,4,old,147,4,53.06122448979592,55.517269892269894,27.89115646258503,26.23487998487998,19.047619047619047,18.247850122850124
ISIC,1995,3,CT-Risk,6,4,current,78,2,60.256410256410255,60.21753460777851,5.128205128205128,5.009887936717205,34.61538461538461,34.77257745550428
ISIC,1995,4,CT-J-CB,8,6,old,225,6,33.77777777777778,35.39701179945083,48.888888888888886,47.824200629078675,17.333333333333336,16.7787875714705
ISIC,1995,4,CT-J-CB,8,6,current,70,2,82.85714285714286,76.9927536231884,4.285714285714286,4.257246376811594,12.857142857142856,18.75
ISIC,1995,4,CT-J-Stale,8,6,old,225,6,1.3333333333333335,1.9230769230769231,98.66666666666667,98.07692307692308,0.0,0.0
ISIC,1995,4,CT-J-Stale,8,6,current,70,2,87.14285714285714,81.25,0.0,0.0,12.857142857142856,18.75
ISIC,1995,4,PT-CB,8,6,old,225,6,56.888888888888886,58.416641312982776,8.0,7.9087090672456535,35.11111111111111,33.67464961977157
ISIC,1995,4,PT-CB,8,6,current,70,2,45.714285714285715,46.7391304347826,50.0,47.01086956521739,4.285714285714286,6.25
ISIC,1995,4,CT-Risk,8,6,old,225,6,34.22222222222222,35.84746224990128,46.22222222222222,45.31074204854693,19.555555555555557,18.8417957015518
ISIC,1995,4,CT-Risk,8,6,current,70,2,81.42857142857143,75.90579710144928,5.714285714285714,5.344202898550725,12.857142857142856,18.75
ISIC,1995,1,CT-ConCM-CB,2,0,current,77,2,85.71428571428571,85.74324324324326,0.0,0.0,14.285714285714285,14.256756756756756
ISIC,1995,1,CT-ConCM,2,0,current,77,2,92.20779220779221,92.19594594594595,0.0,0.0,7.792207792207792,7.804054054054054
ISIC,1995,2,CT-ConCM-CB,4,2,old,77,2,0.0,0.0,100.0,100.0,0.0,0.0
ISIC,1995,2,CT-ConCM-CB,4,2,current,70,2,87.14285714285714,85.05244755244755,0.0,0.0,12.857142857142856,14.947552447552448
ISIC,1995,2,CT-ConCM,4,2,old,77,2,0.0,0.0,100.0,100.0,0.0,0.0
ISIC,1995,2,CT-ConCM,4,2,current,70,2,62.857142857142854,50.0,0.0,0.0,37.142857142857146,50.0
ISIC,1995,3,CT-ConCM-CB,6,4,old,147,4,0.0,0.0,100.0,100.0,0.0,0.0
ISIC,1995,3,CT-ConCM-CB,6,4,current,78,2,57.692307692307686,57.64667106130521,0.0,0.0,42.30769230769231,42.35332893869479
ISIC,1995,3,CT-ConCM,6,4,old,147,4,13.60544217687075,11.363636363636363,57.14285714285714,57.939897939897946,29.25170068027211,30.696465696465697
ISIC,1995,3,CT-ConCM,6,4,current,78,2,34.61538461538461,33.45418589321029,44.871794871794876,45.18787079762689,20.51282051282051,21.35794330916282
ISIC,1995,4,CT-ConCM-CB,8,6,old,225,6,0.0,0.0,98.66666666666667,98.69259503405846,1.3333333333333335,1.3074049659415512
ISIC,1995,4,CT-ConCM-CB,8,6,current,70,2,60.0,61.59420289855072,1.4285714285714286,1.0869565217391304,38.57142857142858,37.31884057971014
ISIC,1995,4,CT-ConCM,8,6,old,225,6,0.0,0.0,100.0,100.0,0.0,0.0
ISIC,1995,4,CT-ConCM,8,6,current,70,2,65.71428571428571,50.0,0.0,0.0,34.285714285714285,50.0
