comparison,stage,metric,lower_pp,upper_pp,resamples,seed,valid_draws,parents_resampled
S-J-CB minus A-CB,0,balanced_accuracy,-0.45295341597222033,4.626281683994147,2000,44001,2000,False
S-J-CB minus A-CB,0,current_macro_recall,-0.45295341597222033,4.626281683994147,2000,44001,2000,False
S-J-CB minus A-CB,0,base_macro_recall,-0.45295341597222033,4.626281683994147,2000,44001,2000,False
S-J-CB minus A-CB,0,tail_rank8_macro_recall,-5.952380952380952,6.3492063492063515,2000,44001,2000,False
S-J-CB minus A-CB,0,middle_rank7_macro_recall,0.5389636497493384,7.049373280990629,2000,44001,2000,False
S-J-CB minus A-CB,0,head_rank8_macro_recall,1.0659845723777768,2.9478584227673945,2000,44001,2000,False
S-J-CB minus A-CB,0,label_12_recall,0.0,6.504065040650407,2000,44001,2000,False
S-J-CB minus A-CB,0,label_17_recall,0.0,40.0,2000,44001,2000,False
S-J-CB minus A-CB,0,label_16_recall,0.0,0.0,2000,44001,2000,False
S-J-CB minus A-CB,0,label_22_recall,1.5873015873015863,22.222222222222218,2000,44001,2000,False
S-J-CB minus A-CB,0,label_13_recall,-0.4166666666666667,2.7083333333333335,2000,44001,2000,False
S-J-CB minus A-CB,1,balanced_accuracy,-0.21918567073345016,3.08225611274096,2000,44001,2000,False
S-J-CB minus A-CB,1,old_macro_recall,-0.31804164018222847,3.5235898833335852,2000,44001,2000,False
S-J-CB minus A-CB,1,current_macro_recall,-1.1117270263611694,1.7153239714215343,2000,44001,2000,False
S-J-CB minus A-CB,1,base_macro_recall,-0.31804164018222847,3.5235898833335852,2000,44001,2000,False
S-J-CB minus A-CB,1,post_base_macro_recall,-1.1117270263611694,1.7153239714215343,2000,44001,2000,False
S-J-CB minus A-CB,1,tail_rank8_macro_recall,-4.278911564625855,4.19047619047619,2000,44001,2000,False
S-J-CB minus A-CB,1,middle_rank7_macro_recall,0.3732192308261886,5.136177515525777,2000,44001,2000,False
S-J-CB minus A-CB,1,head_rank8_macro_recall,0.8066698205304372,2.34333278302622,2000,44001,2000,False
S-J-CB minus A-CB,1,HM_old_current_macro,-0.9105640612892841,3.445620645189799,2000,44001,2000,False
S-J-CB minus A-CB,1,label_12_recall,0.0,4.065040650406506,2000,44001,2000,False
S-J-CB minus A-CB,1,label_17_recall,0.0,26.666666666666668,2000,44001,2000,False
S-J-CB minus A-CB,1,label_16_recall,0.0,0.0,2000,44001,2000,False
S-J-CB minus A-CB,1,label_22_recall,0.0,12.698412698412696,2000,44001,2000,False
S-J-CB minus A-CB,1,label_13_recall,-0.4166666666666667,1.0416666666666667,2000,44001,2000,False
S-J-CB minus A-CB,1,label_9_recall,-1.0162601626016254,0.0,2000,44001,2000,False
S-J-CB minus A-CB,2,balanced_accuracy,-0.826414166984513,2.8798302096877904,2000,44001,2000,False
S-J-CB minus A-CB,2,old_macro_recall,-0.031167585283181864,3.292404659778861,2000,44001,2000,False
S-J-CB minus A-CB,2,current_macro_recall,-7.3551713679102235,1.0101010101010104,2000,44001,2000,False
S-J-CB minus A-CB,2,base_macro_recall,-0.12293943008719374,3.6142364597058934,2000,44001,2000,False
S-J-CB minus A-CB,2,post_base_macro_recall,-3.525036814806892,1.2849973244955397,2000,44001,2000,False
S-J-CB minus A-CB,2,tail_rank8_macro_recall,-6.0317460317460325,3.6111111111111107,2000,44001,2000,False
S-J-CB minus A-CB,2,middle_rank7_macro_recall,0.35045392617363746,5.142823125679983,2000,44001,2000,False
S-J-CB minus A-CB,2,head_rank8_macro_recall,0.8858110069714518,2.3727561343110675,2000,44001,2000,False
S-J-CB minus A-CB,2,HM_old_current_macro,-2.842963096684986,2.044137142236137,2000,44001,2000,False
S-J-CB minus A-CB,2,label_0_recall,-42.85714285714286,0.0,2000,44001,2000,False
S-J-CB minus A-CB,2,label_12_recall,-2.439024390243906,0.0,2000,44001,2000,False
S-J-CB minus A-CB,2,label_17_recall,0.0,26.666666666666668,2000,44001,2000,False
S-J-CB minus A-CB,2,label_3_recall,1.6985138004246256,6.794055201698517,2000,44001,2000,False
S-J-CB minus A-CB,2,label_16_recall,0.0,0.0,2000,44001,2000,False
S-J-CB minus A-CB,2,label_22_recall,0.0,14.285714285714286,2000,44001,2000,False
S-J-CB minus A-CB,2,label_13_recall,0.0,1.875,2000,44001,2000,False
S-J-CB minus A-CB,2,label_18_recall,-2.0202020202020208,10.101010101010102,2000,44001,2000,False
S-J-CB minus A-CB,2,label_9_recall,-1.0162601626016254,0.0,2000,44001,2000,False
S-J-CB minus A-CB,2,label_19_recall,0.0,0.0,2000,44001,2000,False
S-J-CB minus A-CB,2,label_15_recall,0.0,0.0,2000,44001,2000,False
S-J-CB minus A-CB,3,balanced_accuracy,-0.4739508854857176,2.9933775828876588,2000,44001,2000,False
S-J-CB minus A-CB,3,old_macro_recall,-0.6634390628079013,3.17743228759767,2000,44001,2000,False
S-J-CB minus A-CB,3,current_macro_recall,-0.22222222222221932,2.451586150200681,2000,44001,2000,False
S-J-CB minus A-CB,3,base_macro_recall,0.18106364420734175,4.057970143039135,2000,44001,2000,False
S-J-CB minus A-CB,3,post_base_macro_recall,-2.2351642609689257,1.0863252297863293,2000,44001,2000,False
S-J-CB minus A-CB,3,tail_rank8_macro_recall,-5.096371882086171,3.611111111111112,2000,44001,2000,False
S-J-CB minus A-CB,3,middle_rank7_macro_recall,0.9921643619557342,5.530131869662078,2000,44001,2000,False
S-J-CB minus A-CB,3,head_rank8_macro_recall,0.8675743750356305,2.298034604000378,2000,44001,2000,False
S-J-CB minus A-CB,3,HM_old_current_macro,-0.00028031580767979837,2.183648928813874,2000,44001,2000,False
S-J-CB minus A-CB,3,label_0_recall,-42.85714285714286,0.0,2000,44001,2000,False
S-J-CB minus A-CB,3,label_12_recall,-1.6260162601626007,5.691056910569112,2000,44001,2000,False
S-J-CB minus A-CB,3,label_11_recall,-1.0928961748633885,8.743169398907103,2000,44001,2000,False
S-J-CB minus A-CB,3,label_17_recall,0.0,26.666666666666668,2000,44001,2000,False
S-J-CB minus A-CB,3,label_3_recall,1.6985138004246256,7.218683651804672,2000,44001,2000,False
S-J-CB minus A-CB,3,label_16_recall,0.0,0.0,2000,44001,2000,False
S-J-CB minus A-CB,3,label_22_recall,0.0,12.698412698412696,2000,44001,2000,False
S-J-CB minus A-CB,3,label_13_recall,0.0,2.2968749999999716,2000,44001,2000,False
S-J-CB minus A-CB,3,label_18_recall,-1.0101010101010104,14.14141414141414,2000,44001,2000,False
S-J-CB minus A-CB,3,label_9_recall,-1.0162601626016254,0.0,2000,44001,2000,False
S-J-CB minus A-CB,3,label_19_recall,0.0,0.0,2000,44001,2000,False
S-J-CB minus A-CB,3,label_15_recall,0.0,0.0,2000,44001,2000,False
S-J-CB minus A-CB,3,label_6_recall,0.0,0.0,2000,44001,2000,False
S-J-CB minus A-CB,3,label_5_recall,0.0,0.0,2000,44001,2000,False
S-J-CB minus A-CB,4,balanced_accuracy,1.7327111145969294,6.807216468399544,2000,44001,2000,False
S-J-CB minus A-CB,4,old_macro_recall,1.7237360917416444,6.370685787159881,2000,44001,2000,False
S-J-CB minus A-CB,4,current_macro_recall,-0.6063131313131366,13.662499999999994,2000,44001,2000,False
S-J-CB minus A-CB,4,base_macro_recall,0.5283423967051546,6.345653429708426,2000,44001,2000,False
S-J-CB minus A-CB,4,post_base_macro_recall,3.3089608186577335,7.936230099808498,2000,44001,2000,False
S-J-CB minus A-CB,4,tail_rank8_macro_recall,-0.034013605442175666,14.345238095238093,2000,44001,2000,False
S-J-CB minus A-CB,4,middle_rank7_macro_recall,0.9348528786843554,5.312033907960647,2000,44001,2000,False
S-J-CB minus A-CB,4,head_rank8_macro_recall,0.9547314618039792,2.459772082141493,2000,44001,2000,False
S-J-CB minus A-CB,4,HM_old_current_macro,0.9537772876549407,9.849299026946301,2000,44001,2000,False
S-J-CB minus A-CB,4,label_0_recall,-42.85714285714286,0.0,2000,44001,2000,False
S-J-CB minus A-CB,4,label_4_recall,1.6161616161616148,7.4747474747474785,2000,44001,2000,False
S-J-CB minus A-CB,4,label_12_recall,-1.6260162601626054,5.711382113821034,2000,44001,2000,False
S-J-CB minus A-CB,4,label_11_recall,-1.6393442622950805,9.303278688524518,2000,44001,2000,False
S-J-CB minus A-CB,4,label_17_recall,0.0,26.666666666666668,2000,44001,2000,False
S-J-CB minus A-CB,4,label_3_recall,2.7600849256900184,8.922505307855605,2000,44001,2000,False
S-J-CB minus A-CB,4,label_21_recall,0.0,75.0,2000,44001,2000,False
S-J-CB minus A-CB,4,label_16_recall,0.0,0.0,2000,44001,2000,False
S-J-CB minus A-CB,4,label_22_recall,0.0,12.698412698412696,2000,44001,2000,False
S-J-CB minus A-CB,4,label_13_recall,0.0,2.9166666666666665,2000,44001,2000,False
S-J-CB minus A-CB,4,label_18_recall,-2.020202020202023,13.13131313131313,2000,44001,2000,False
S-J-CB minus A-CB,4,label_14_recall,-1.1111111111111143,6.11111111111111,2000,44001,2000,False
S-J-CB minus A-CB,4,label_9_recall,-1.0162601626016254,0.4065040650406502,2000,44001,2000,False
S-J-CB minus A-CB,4,label_19_recall,0.0,0.0,2000,44001,2000,False
S-J-CB minus A-CB,4,label_15_recall,0.0,0.0,2000,44001,2000,False
S-J-CB minus A-CB,4,label_6_recall,0.0,0.0,2000,44001,2000,False
S-J-CB minus A-CB,4,label_5_recall,33.333333333333336,33.333333333333336,2000,44001,2000,False
S-J-CB minus A-CB,4,label_20_recall,-3.030303030303031,10.606060606060606,2000,44001,2000,False
S-J-CB minus A-CB,5,balanced_accuracy,1.8999009638670792,6.90880709818562,2000,44001,2000,False
S-J-CB minus A-CB,5,old_macro_recall,2.046206970388436,7.539614981408547,2000,44001,2000,False
S-J-CB minus A-CB,5,current_macro_recall,-0.22659231758659526,1.554015368343839,2000,44001,2000,False
S-J-CB minus A-CB,5,base_macro_recall,0.9002162626469886,7.4142067785801125,2000,44001,2000,False
S-J-CB minus A-CB,5,post_base_macro_recall,2.9031499473699025,6.754861656520927,2000,44001,2000,False
S-J-CB minus A-CB,5,tail_rank8_macro_recall,1.309523809523809,14.583333333333334,2000,44001,2000,False
S-J-CB minus A-CB,5,middle_rank7_macro_recall,1.2931610382063785,5.660288724358985,2000,44001,2000,False
S-J-CB minus A-CB,5,head_rank8_macro_recall,0.8905262854903657,2.344440508731431,2000,44001,2000,False
S-J-CB minus A-CB,5,HM_old_current_macro,1.62948988168747,5.625781053633719,2000,44001,2000,False
S-J-CB minus A-CB,5,label_0_recall,-42.85714285714286,0.0,2000,44001,2000,False
S-J-CB minus A-CB,5,label_4_recall,0.8080808080808121,6.464646464646468,2000,44001,2000,False
S-J-CB minus A-CB,5,label_12_recall,-1.6260162601626054,8.943089430894304,2000,44001,2000,False
S-J-CB minus A-CB,5,label_8_recall,0.0,2.614379084967325,2000,44001,2000,False
S-J-CB minus A-CB,5,label_2_recall,-0.7326007326007394,4.212454212454219,2000,44001,2000,False
S-J-CB minus A-CB,5,label_11_recall,-2.7459016393442632,8.196721311475411,2000,44001,2000,False
S-J-CB minus A-CB,5,label_17_recall,0.0,46.666666666666664,2000,44001,2000,False
S-J-CB minus A-CB,5,label_3_recall,2.760084925690028,9.341825902335458,2000,44001,2000,False
S-J-CB minus A-CB,5,label_21_recall,0.0,75.0,2000,44001,2000,False
S-J-CB minus A-CB,5,label_16_recall,0.0,0.0,2000,44001,2000,False
S-J-CB minus A-CB,5,label_22_recall,0.0,4.761904761904764,2000,44001,2000,False
S-J-CB minus A-CB,5,label_13_recall,0.0,2.5,2000,44001,2000,False
S-J-CB minus A-CB,5,label_18_recall,-2.3684757858670005e-15,19.19191919191919,2000,44001,2000,False
S-J-CB minus A-CB,5,label_14_recall,0.5555555555555571,13.333333333333329,2000,44001,2000,False
S-J-CB minus A-CB,5,label_9_recall,-1.0162601626016254,0.0,2000,44001,2000,False
S-J-CB minus A-CB,5,label_19_recall,0.0,0.0,2000,44001,2000,False
S-J-CB minus A-CB,5,label_15_recall,0.0,0.0,2000,44001,2000,False
S-J-CB minus A-CB,5,label_6_recall,0.0,0.0,2000,44001,2000,False
S-J-CB minus A-CB,5,label_5_recall,33.333333333333336,33.333333333333336,2000,44001,2000,False
S-J-CB minus A-CB,5,label_20_recall,-3.547979797979798,8.585858585858585,2000,44001,2000,False
S-J-CB minus A-CB,5,label_10_recall,-2.444444444444443,2.6666666666666665,2000,44001,2000,False
S-J-CB minus A-CB,5,label_7_recall,0.0,0.0,2000,44001,2000,False
S-J-CB minus A-CB,5,label_1_recall,-0.8849557522123869,1.7699115044247833,2000,44001,2000,False
S-J-CB minus A-CB,average,AvgBA_all,0.4356589085708452,4.190889038407279,2000,44001,2000,False
S-J-CB minus A-CB,average,AvgBA_inc,0.5509565864784096,4.3072937679363825,2000,44001,2000,False
S-M-CB minus A-CB,0,balanced_accuracy,-1.2204129147044291,4.421823315664465,2000,44001,2000,False
S-M-CB minus A-CB,0,current_macro_recall,-1.2204129147044291,4.421823315664465,2000,44001,2000,False
S-M-CB minus A-CB,0,base_macro_recall,-1.2204129147044291,4.421823315664465,2000,44001,2000,False
S-M-CB minus A-CB,0,tail_rank8_macro_recall,-7.688492063492063,6.605902777777732,2000,44001,2000,False
S-M-CB minus A-CB,0,middle_rank7_macro_recall,-0.016539891979717322,5.133531508031707,2000,44001,2000,False
S-M-CB minus A-CB,0,head_rank8_macro_recall,1.3838319417808191,3.496879155307778,2000,44001,2000,False
S-M-CB minus A-CB,0,label_12_recall,0.8130081300813004,8.94308943089431,2000,44001,2000,False
S-M-CB minus A-CB,0,label_17_recall,0.0,40.0,2000,44001,2000,False
S-M-CB minus A-CB,0,label_16_recall,-25.0,12.5,2000,44001,2000,False
S-M-CB minus A-CB,0,label_22_recall,0.0,14.285714285714286,2000,44001,2000,False
S-M-CB minus A-CB,0,label_13_recall,-0.4166666666666667,2.9166666666666665,2000,44001,2000,False
S-M-CB minus A-CB,1,balanced_accuracy,-1.0706032667044703,2.9072198740471906,2000,44001,2000,False
S-M-CB minus A-CB,1,old_macro_recall,-1.4044824831923228,3.13065959512365,2000,44001,2000,False
S-M-CB minus A-CB,1,current_macro_recall,-0.25252525252525143,2.7777777777777772,2000,44001,2000,False
S-M-CB minus A-CB,1,base_macro_recall,-1.4044824831923228,3.13065959512365,2000,44001,2000,False
S-M-CB minus A-CB,1,post_base_macro_recall,-0.25252525252525143,2.7777777777777772,2000,44001,2000,False
S-M-CB minus A-CB,1,tail_rank8_macro_recall,-8.023809523809524,2.5,2000,44001,2000,False
S-M-CB minus A-CB,1,middle_rank7_macro_recall,0.6258654306435151,4.244151473609684,2000,44001,2000,False
S-M-CB minus A-CB,1,head_rank8_macro_recall,1.0809319425994748,2.8310504731445016,2000,44001,2000,False
S-M-CB minus A-CB,1,HM_old_current_macro,-0.34758887766105073,4.508896045389781,2000,44001,2000,False
S-M-CB minus A-CB,1,label_12_recall,0.8130081300813004,7.317073170731708,2000,44001,2000,False
S-M-CB minus A-CB,1,label_17_recall,0.0,20.0,2000,44001,2000,False
S-M-CB minus A-CB,1,label_16_recall,-25.0,12.5,2000,44001,2000,False
S-M-CB minus A-CB,1,label_22_recall,0.0,7.936507936507937,2000,44001,2000,False
S-M-CB minus A-CB,1,label_13_recall,-0.4166666666666667,2.7083333333333335,2000,44001,2000,False
S-M-CB minus A-CB,1,label_9_recall,0.0,0.0,2000,44001,2000,False
S-M-CB minus A-CB,2,balanced_accuracy,-2.424641279913813,2.4438601760360217,2000,44001,2000,False
S-M-CB minus A-CB,2,old_macro_recall,-1.8771956502170033,2.8231916688077145,2000,44001,2000,False
S-M-CB minus A-CB,2,current_macro_recall,-7.9034544719258015,1.0101010101010104,2000,44001,2000,False
S-M-CB minus A-CB,2,base_macro_recall,-2.358167729807659,3.005719776243649,2000,44001,2000,False
S-M-CB minus A-CB,2,post_base_macro_recall,-3.319405956746721,1.6218112655214538,2000,44001,2000,False
S-M-CB minus A-CB,2,tail_rank8_macro_recall,-9.366443452380956,2.8841765873015754,2000,44001,2000,False
S-M-CB minus A-CB,2,middle_rank7_macro_recall,-0.6504309291194552,3.31578282587878,2000,44001,2000,False
S-M-CB minus A-CB,2,head_rank8_macro_recall,1.1411289951063717,2.770398217351665,2000,44001,2000,False
S-M-CB minus A-CB,2,HM_old_current_macro,-3.7557441432125604,1.6547918031965043,2000,44001,2000,False
S-M-CB minus A-CB,2,label_0_recall,-42.85714285714286,0.0,2000,44001,2000,False
S-M-CB minus A-CB,2,label_12_recall,-2.439024390243906,2.439024390243901,2000,44001,2000,False
S-M-CB minus A-CB,2,label_17_recall,-20.0,20.0,2000,44001,2000,False
S-M-CB minus A-CB,2,label_3_recall,2.972399150743101,8.70488322717622,2000,44001,2000,False
S-M-CB minus A-CB,2,label_16_recall,-25.0,25.0,2000,44001,2000,False
S-M-CB minus A-CB,2,label_22_recall,0.0,7.936507936507937,2000,44001,2000,False
S-M-CB minus A-CB,2,label_13_recall,-0.625,2.2916666666666665,2000,44001,2000,False
S-M-CB minus A-CB,2,label_18_recall,-4.040404040404037,10.101010101010099,2000,44001,2000,False
S-M-CB minus A-CB,2,label_9_recall,0.0,0.0,2000,44001,2000,False
S-M-CB minus A-CB,2,label_19_recall,0.0,0.0,2000,44001,2000,False
S-M-CB minus A-CB,2,label_15_recall,0.0,0.0,2000,44001,2000,False
S-M-CB minus A-CB,3,balanced_accuracy,-1.5828007141381657,2.7075919815834535,2000,44001,2000,False
S-M-CB minus A-CB,3,old_macro_recall,-1.7328260669884978,3.0673278077944124,2000,44001,2000,False
S-M-CB minus A-CB,3,current_macro_recall,-1.9368892757547904,1.3516377323210373,2000,44001,2000,False
S-M-CB minus A-CB,3,base_macro_recall,-1.4749145804336823,3.8375449075127674,2000,44001,2000,False
S-M-CB minus A-CB,3,post_base_macro_recall,-2.5927080286900694,0.9793141244070873,2000,44001,2000,False
S-M-CB minus A-CB,3,tail_rank8_macro_recall,-7.645124716553288,3.055555555555556,2000,44001,2000,False
S-M-CB minus A-CB,3,middle_rank7_macro_recall,0.5690989297879263,4.991185382521002,2000,44001,2000,False
S-M-CB minus A-CB,3,head_rank8_macro_recall,0.8746873299760614,2.471363158486926,2000,44001,2000,False
S-M-CB minus A-CB,3,HM_old_current_macro,-1.107178806843859,1.6938426351575795,2000,44001,2000,False
S-M-CB minus A-CB,3,label_0_recall,-42.85714285714286,0.0,2000,44001,2000,False
S-M-CB minus A-CB,3,label_12_recall,0.0,6.504065040650407,2000,44001,2000,False
S-M-CB minus A-CB,3,label_11_recall,-4.918032786885248,5.464480874316938,2000,44001,2000,False
S-M-CB minus A-CB,3,label_17_recall,-13.333333333333334,26.666666666666668,2000,44001,2000,False
S-M-CB minus A-CB,3,label_3_recall,3.397027600849261,9.341825902335458,2000,44001,2000,False
S-M-CB minus A-CB,3,label_16_recall,-25.0,12.5,2000,44001,2000,False
S-M-CB minus A-CB,3,label_22_recall,0.0,9.523809523809527,2000,44001,2000,False
S-M-CB minus A-CB,3,label_13_recall,-0.8333333333333334,2.9166666666666665,2000,44001,2000,False
S-M-CB minus A-CB,3,label_18_recall,-1.0101010101010104,15.15151515151515,2000,44001,2000,False
S-M-CB minus A-CB,3,label_9_recall,0.0,0.0,2000,44001,2000,False
S-M-CB minus A-CB,3,label_19_recall,0.0,0.0,2000,44001,2000,False
S-M-CB minus A-CB,3,label_15_recall,0.0,0.0,2000,44001,2000,False
S-M-CB minus A-CB,3,label_6_recall,0.0,0.0,2000,44001,2000,False
S-M-CB minus A-CB,3,label_5_recall,0.0,0.0,2000,44001,2000,False
S-M-CB minus A-CB,4,balanced_accuracy,0.9942466190843078,6.6637167059922975,2000,44001,2000,False
S-M-CB minus A-CB,4,old_macro_recall,0.9264037427646445,6.2837191727348,2000,44001,2000,False
S-M-CB minus A-CB,4,current_macro_recall,-1.1921717171717154,12.773106060606064,2000,44001,2000,False
S-M-CB minus A-CB,4,base_macro_recall,-0.3279152723879099,6.58695998513917,2000,44001,2000,False
S-M-CB minus A-CB,4,post_base_macro_recall,2.641208142464661,7.293877514101351,2000,44001,2000,False
S-M-CB minus A-CB,4,tail_rank8_macro_recall,-0.860969387755104,15.00903486394557,2000,44001,2000,False
S-M-CB minus A-CB,4,middle_rank7_macro_recall,-0.1391131556843998,4.199708414275691,2000,44001,2000,False
S-M-CB minus A-CB,4,head_rank8_macro_recall,1.168152432926813,2.959832888592349,2000,44001,2000,False
S-M-CB minus A-CB,4,HM_old_current_macro,0.26488129665867705,9.091483450965058,2000,44001,2000,False
S-M-CB minus A-CB,4,label_0_recall,-42.85714285714286,0.0,2000,44001,2000,False
S-M-CB minus A-CB,4,label_4_recall,1.2121212121212086,9.090909090909088,2000,44001,2000,False
S-M-CB minus A-CB,4,label_12_recall,-1.6260162601626007,9.756097560975618,2000,44001,2000,False
S-M-CB minus A-CB,4,label_11_recall,-3.2786885245901645,7.6502732240437155,2000,44001,2000,False
S-M-CB minus A-CB,4,label_17_recall,0.0,40.0,2000,44001,2000,False
S-M-CB minus A-CB,4,label_3_recall,4.0339702760084934,11.464968152866243,2000,44001,2000,False
S-M-CB minus A-CB,4,label_21_recall,0.0,75.0,2000,44001,2000,False
S-M-CB minus A-CB,4,label_16_recall,-25.0,12.5,2000,44001,2000,False
S-M-CB minus A-CB,4,label_22_recall,0.0,4.761904761904764,2000,44001,2000,False
S-M-CB minus A-CB,4,label_13_recall,-0.20833333333333334,3.5416666666666665,2000,44001,2000,False
S-M-CB minus A-CB,4,label_18_recall,-4.0404040404040416,12.121212121212123,2000,44001,2000,False
S-M-CB minus A-CB,4,label_14_recall,-4.444444444444443,3.3333333333333286,2000,44001,2000,False
S-M-CB minus A-CB,4,label_9_recall,-0.6097560975609753,0.0,2000,44001,2000,False
S-M-CB minus A-CB,4,label_19_recall,0.0,0.0,2000,44001,2000,False
S-M-CB minus A-CB,4,label_15_recall,0.0,0.0,2000,44001,2000,False
S-M-CB minus A-CB,4,label_6_recall,0.0,0.0,2000,44001,2000,False
S-M-CB minus A-CB,4,label_5_recall,33.333333333333336,33.333333333333336,2000,44001,2000,False
S-M-CB minus A-CB,4,label_20_recall,-5.050505050505051,8.585858585858587,2000,44001,2000,False
S-M-CB minus A-CB,5,balanced_accuracy,1.9248591824201742,7.434468512081255,2000,44001,2000,False
S-M-CB minus A-CB,5,old_macro_recall,2.002904172631537,8.058509881146229,2000,44001,2000,False
S-M-CB minus A-CB,5,current_macro_recall,0.20217230376002332,2.0899358714819396,2000,44001,2000,False
S-M-CB minus A-CB,5,base_macro_recall,0.6913474814721077,8.274657867138789,2000,44001,2000,False
S-M-CB minus A-CB,5,post_base_macro_recall,3.146063796996543,6.971653975289625,2000,44001,2000,False
S-M-CB minus A-CB,5,tail_rank8_macro_recall,0.9218749999999942,15.833333333333334,2000,44001,2000,False
S-M-CB minus A-CB,5,middle_rank7_macro_recall,1.1339905942676856,6.105795606516999,2000,44001,2000,False
S-M-CB minus A-CB,5,head_rank8_macro_recall,1.1418203452379891,3.0320041726701397,2000,44001,2000,False
S-M-CB minus A-CB,5,HM_old_current_macro,1.7216766792349927,6.169604996576879,2000,44001,2000,False
S-M-CB minus A-CB,5,label_0_recall,-42.85714285714286,0.0,2000,44001,2000,False
S-M-CB minus A-CB,5,label_4_recall,0.6010101010100997,8.080808080808088,2000,44001,2000,False
S-M-CB minus A-CB,5,label_12_recall,-1.6260162601626007,12.195121951219514,2000,44001,2000,False
S-M-CB minus A-CB,5,label_8_recall,-1.3071895424836601,1.9607843137254974,2000,44001,2000,False
S-M-CB minus A-CB,5,label_2_recall,1.098901098901095,7.142857142857139,2000,44001,2000,False
S-M-CB minus A-CB,5,label_11_recall,-3.2786885245901622,8.743169398907105,2000,44001,2000,False
S-M-CB minus A-CB,5,label_17_recall,0.0,53.333333333333336,2000,44001,2000,False
S-M-CB minus A-CB,5,label_3_recall,3.8216560509554163,11.677282377919317,2000,44001,2000,False
S-M-CB minus A-CB,5,label_21_recall,0.0,75.0,2000,44001,2000,False
S-M-CB minus A-CB,5,label_16_recall,-25.0,12.5,2000,44001,2000,False
S-M-CB minus A-CB,5,label_22_recall,0.0,4.761904761904764,2000,44001,2000,False
S-M-CB minus A-CB,5,label_13_recall,0.0,3.75,2000,44001,2000,False
S-M-CB minus A-CB,5,label_18_recall,-4.040404040404044,18.18181818181818,2000,44001,2000,False
S-M-CB minus A-CB,5,label_14_recall,-0.5555555555555524,12.22222222222222,2000,44001,2000,False
S-M-CB minus A-CB,5,label_9_recall,-0.6097560975609753,0.0,2000,44001,2000,False
S-M-CB minus A-CB,5,label_19_recall,0.0,0.0,2000,44001,2000,False
S-M-CB minus A-CB,5,label_15_recall,0.0,0.0,2000,44001,2000,False
S-M-CB minus A-CB,5,label_6_recall,0.0,0.0,2000,44001,2000,False
S-M-CB minus A-CB,5,label_5_recall,33.333333333333336,33.333333333333336,2000,44001,2000,False
S-M-CB minus A-CB,5,label_20_recall,-4.040404040404038,10.101010101010099,2000,44001,2000,False
S-M-CB minus A-CB,5,label_10_recall,-4.0,2.6666666666666714,2000,44001,2000,False
S-M-CB minus A-CB,5,label_7_recall,0.0,0.0,2000,44001,2000,False
S-M-CB minus A-CB,5,label_1_recall,0.0,5.014749262536867,2000,44001,2000,False
S-M-CB minus A-CB,average,AvgBA_all,-0.3700241289345887,4.059272923485909,2000,44001,2000,False
S-M-CB minus A-CB,average,AvgBA_inc,-0.2206628742376578,4.089060242559489,2000,44001,2000,False
S-J-CB minus S-M-CB,0,balanced_accuracy,-0.9516754895555021,1.945151947274442,2000,44001,2000,False
S-J-CB minus S-M-CB,0,current_macro_recall,-0.9516754895555021,1.945151947274442,2000,44001,2000,False
S-J-CB minus S-M-CB,0,base_macro_recall,-0.9516754895555021,1.945151947274442,2000,44001,2000,False
S-J-CB minus S-M-CB,0,tail_rank8_macro_recall,-2.083333333333332,5.208333333333333,2000,44001,2000,False
S-J-CB minus S-M-CB,0,middle_rank7_macro_recall,-0.6129572701943781,2.919131601808529,2000,44001,2000,False
S-J-CB minus S-M-CB,0,head_rank8_macro_recall,-0.9147791551237399,0.01734927842493178,2000,44001,2000,False
S-J-CB minus S-M-CB,0,label_12_recall,-4.065040650406506,0.0,2000,44001,2000,False
S-J-CB minus S-M-CB,0,label_17_recall,0.0,0.0,2000,44001,2000,False
S-J-CB minus S-M-CB,0,label_16_recall,-12.5,25.0,2000,44001,2000,False
S-J-CB minus S-M-CB,0,label_22_recall,0.0,7.936507936507937,2000,44001,2000,False
S-J-CB minus S-M-CB,0,label_13_recall,-0.8333333333333334,0.8333333333333334,2000,44001,2000,False
S-J-CB minus S-M-CB,1,balanced_accuracy,-0.9672659448982285,2.151329946194772,2000,44001,2000,False
S-J-CB minus S-M-CB,1,old_macro_recall,-0.9459655573504894,2.6473820397387566,2000,44001,2000,False
S-J-CB minus S-M-CB,1,current_macro_recall,-1.8693027839369332,-0.2032520325203251,2000,44001,2000,False
S-J-CB minus S-M-CB,1,base_macro_recall,-0.9459655573504894,2.6473820397387566,2000,44001,2000,False
S-J-CB minus S-M-CB,1,post_base_macro_recall,-1.8693027839369332,-0.2032520325203251,2000,44001,2000,False
S-J-CB minus S-M-CB,1,tail_rank8_macro_recall,-1.1904761904761898,7.273809523809523,2000,44001,2000,False
S-J-CB minus S-M-CB,1,middle_rank7_macro_recall,-1.6004666916302224,1.927783047435184,2000,44001,2000,False
S-J-CB minus S-M-CB,1,head_rank8_macro_recall,-0.9083379131549427,0.11284156255055228,2000,44001,2000,False
S-J-CB minus S-M-CB,1,HM_old_current_macro,-2.2011063061168405,0.6876891966164337,2000,44001,2000,False
S-J-CB minus S-M-CB,1,label_12_recall,-5.691056910569107,0.0,2000,44001,2000,False
S-J-CB minus S-M-CB,1,label_17_recall,0.0,20.0,2000,44001,2000,False
S-J-CB minus S-M-CB,1,label_16_recall,-12.5,25.0,2000,44001,2000,False
S-J-CB minus S-M-CB,1,label_22_recall,-3.1746031746031775,7.936507936507934,2000,44001,2000,False
S-J-CB minus S-M-CB,1,label_13_recall,-2.5,0.625,2000,44001,2000,False
S-J-CB minus S-M-CB,1,label_9_recall,-1.0162601626016254,0.0,2000,44001,2000,False
S-J-CB minus S-M-CB,2,balanced_accuracy,-0.5963271622626377,2.6920360856891135,2000,44001,2000,False
S-J-CB minus S-M-CB,2,old_macro_recall,-0.7122286199021728,2.9744757742076486,2000,44001,2000,False
S-J-CB minus S-M-CB,2,current_macro_recall,-0.42462845010615996,1.4089944026249814,2000,44001,2000,False
S-J-CB minus S-M-CB,2,base_macro_recall,-0.6716898231397895,3.5490405173062727,2000,44001,2000,False
S-J-CB minus S-M-CB,2,post_base_macro_recall,-0.8944403644962904,0.5498492674923882,2000,44001,2000,False
S-J-CB minus S-M-CB,2,tail_rank8_macro_recall,-1.5972222222222225,6.322916666666648,2000,44001,2000,False
S-J-CB minus S-M-CB,2,middle_rank7_macro_recall,0.13551481764196646,2.9361008602811904,2000,44001,2000,False
S-J-CB minus S-M-CB,2,head_rank8_macro_recall,-0.7297765416500712,0.05004031487230314,2000,44001,2000,False
S-J-CB minus S-M-CB,2,HM_old_current_macro,-0.413301180250054,1.7407533904708827,2000,44001,2000,False
S-J-CB minus S-M-CB,2,label_0_recall,0.0,0.0,2000,44001,2000,False
S-J-CB minus S-M-CB,2,label_12_recall,-2.439024390243906,0.0,2000,44001,2000,False
S-J-CB minus S-M-CB,2,label_17_recall,0.0,26.666666666666668,2000,44001,2000,False
S-J-CB minus S-M-CB,2,label_3_recall,-2.972399150743101,-4.736951571734001e-15,2000,44001,2000,False
S-J-CB minus S-M-CB,2,label_16_recall,-25.0,25.0,2000,44001,2000,False
S-J-CB minus S-M-CB,2,label_22_recall,0.0,7.936507936507937,2000,44001,2000,False
S-J-CB minus S-M-CB,2,label_13_recall,-0.625,1.25,2000,44001,2000,False
S-J-CB minus S-M-CB,2,label_18_recall,0.0,3.030303030303031,2000,44001,2000,False
S-J-CB minus S-M-CB,2,label_9_recall,-1.0162601626016254,0.0,2000,44001,2000,False
S-J-CB minus S-M-CB,2,label_19_recall,0.0,0.0,2000,44001,2000,False
S-J-CB minus S-M-CB,2,label_15_recall,0.0,0.0,2000,44001,2000,False
S-J-CB minus S-M-CB,3,balanced_accuracy,-0.46067987581829845,1.9014356215452237,2000,44001,2000,False
S-J-CB minus S-M-CB,3,old_macro_recall,-0.6546650891744611,1.9542265913109607,2000,44001,2000,False
S-J-CB minus S-M-CB,3,current_macro_recall,0.3843351548269614,2.5282331511839686,2000,44001,2000,False
S-J-CB minus S-M-CB,3,base_macro_recall,-0.7310416116150148,2.6345666469623445,2000,44001,2000,False
S-J-CB minus S-M-CB,3,post_base_macro_recall,-0.4632931598640273,0.95452675810586,2000,44001,2000,False
S-J-CB minus S-M-CB,3,tail_rank8_macro_recall,-1.0416666666666667,4.494047619047618,2000,44001,2000,False
S-J-CB minus S-M-CB,3,middle_rank7_macro_recall,-0.6728519040735761,1.7609832497369444,2000,44001,2000,False
S-J-CB minus S-M-CB,3,head_rank8_macro_recall,-0.5499214614467621,0.3391039073149365,2000,44001,2000,False
S-J-CB minus S-M-CB,3,HM_old_current_macro,-0.011374718037564804,1.570766555480009,2000,44001,2000,False
S-J-CB minus S-M-CB,3,label_0_recall,0.0,0.0,2000,44001,2000,False
S-J-CB minus S-M-CB,3,label_12_recall,-2.439024390243906,0.0,2000,44001,2000,False
S-J-CB minus S-M-CB,3,label_11_recall,0.0,7.103825136612023,2000,44001,2000,False
S-J-CB minus S-M-CB,3,label_17_recall,0.0,20.0,2000,44001,2000,False
S-J-CB minus S-M-CB,3,label_3_recall,-3.6093418259023387,-0.42462845010615524,2000,44001,2000,False
S-J-CB minus S-M-CB,3,label_16_recall,-12.5,25.0,2000,44001,2000,False
S-J-CB minus S-M-CB,3,label_22_recall,-4.736951571734001e-15,4.761904761904764,2000,44001,2000,False
S-J-CB minus S-M-CB,3,label_13_recall,-1.25,1.4583333333333333,2000,44001,2000,False
S-J-CB minus S-M-CB,3,label_18_recall,-5.050505050505049,2.0202020202020208,2000,44001,2000,False
S-J-CB minus S-M-CB,3,label_9_recall,-1.0162601626016254,0.0,2000,44001,2000,False
S-J-CB minus S-M-CB,3,label_19_recall,0.0,0.0,2000,44001,2000,False
S-J-CB minus S-M-CB,3,label_15_recall,0.0,0.0,2000,44001,2000,False
S-J-CB minus S-M-CB,3,label_6_recall,0.0,0.0,2000,44001,2000,False
S-J-CB minus S-M-CB,3,label_5_recall,0.0,0.0,2000,44001,2000,False
S-J-CB minus S-M-CB,4,balanced_accuracy,-0.7902372381403805,1.79261553827399,2000,44001,2000,False
S-J-CB minus S-M-CB,4,old_macro_recall,-0.9737433091900457,1.9145531706333796,2000,44001,2000,False
S-J-CB minus S-M-CB,4,current_macro_recall,-1.17222222222222,2.8542929292929258,2000,44001,2000,False
S-J-CB minus S-M-CB,4,base_macro_recall,-1.7003029155314897,2.437164636005698,2000,44001,2000,False
S-J-CB minus S-M-CB,4,post_base_macro_recall,-0.12098443684033432,1.5293971707141696,2000,44001,2000,False
S-J-CB minus S-M-CB,4,tail_rank8_macro_recall,-2.8571428571428577,4.0625,2000,44001,2000,False
S-J-CB minus S-M-CB,4,middle_rank7_macro_recall,-0.0848472305014549,2.3087608676675875,2000,44001,2000,False
S-J-CB minus S-M-CB,4,head_rank8_macro_recall,-0.8263242354797202,0.08456831962096086,2000,44001,2000,False
S-J-CB minus S-M-CB,4,HM_old_current_macro,-0.6474974008171998,1.9801340735000992,2000,44001,2000,False
S-J-CB minus S-M-CB,4,label_0_recall,0.0,0.0,2000,44001,2000,False
S-J-CB minus S-M-CB,4,label_4_recall,-2.2222222222222237,1.0101010101010104,2000,44001,2000,False
S-J-CB minus S-M-CB,4,label_12_recall,-4.0650406504065115,0.0,2000,44001,2000,False
S-J-CB minus S-M-CB,4,label_11_recall,-0.5464480874316943,4.3715846994535505,2000,44001,2000,False
S-J-CB minus S-M-CB,4,label_17_recall,-20.0,20.0,2000,44001,2000,False
S-J-CB minus S-M-CB,4,label_3_recall,-3.614649681528665,-0.21231422505307762,2000,44001,2000,False
S-J-CB minus S-M-CB,4,label_21_recall,0.0,0.0,2000,44001,2000,False
S-J-CB minus S-M-CB,4,label_16_recall,-12.5,25.0,2000,44001,2000,False
S-J-CB minus S-M-CB,4,label_22_recall,0.0,7.936507936507937,2000,44001,2000,False
S-J-CB minus S-M-CB,4,label_13_recall,-1.4583333333333333,0.8333333333333334,2000,44001,2000,False
S-J-CB minus S-M-CB,4,label_18_recall,-3.0303030303030334,5.050505050505052,2000,44001,2000,False
S-J-CB minus S-M-CB,4,label_14_recall,0.5555555555555524,4.444444444444447,2000,44001,2000,False
S-J-CB minus S-M-CB,4,label_9_recall,-0.6097560975609753,0.6097560975609753,2000,44001,2000,False
S-J-CB minus S-M-CB,4,label_19_recall,0.0,0.0,2000,44001,2000,False
S-J-CB minus S-M-CB,4,label_15_recall,0.0,0.0,2000,44001,2000,False
S-J-CB minus S-M-CB,4,label_6_recall,0.0,0.0,2000,44001,2000,False
S-J-CB minus S-M-CB,4,label_5_recall,0.0,0.0,2000,44001,2000,False
S-J-CB minus S-M-CB,4,label_20_recall,-1.52777777777778,5.5555555555555545,2000,44001,2000,False
S-J-CB minus S-M-CB,5,balanced_accuracy,-1.2280903109659078,0.7628846847466133,2000,44001,2000,False
S-J-CB minus S-M-CB,5,old_macro_recall,-1.2885310878486238,0.8576416696493683,2000,44001,2000,False
S-J-CB minus S-M-CB,5,current_macro_recall,-1.3830777239418541,0.4128783795493879,2000,44001,2000,False
S-J-CB minus S-M-CB,5,base_macro_recall,-1.9432110949056516,1.47783247356806,2000,44001,2000,False
S-J-CB minus S-M-CB,5,post_base_macro_recall,-0.8769233958041179,0.4239669322695983,2000,44001,2000,False
S-J-CB minus S-M-CB,5,tail_rank8_macro_recall,-2.7083333333333335,2.6041666666666656,2000,44001,2000,False
S-J-CB minus S-M-CB,5,middle_rank7_macro_recall,-1.1075788707873089,0.8643447012771828,2000,44001,2000,False
S-J-CB minus S-M-CB,5,head_rank8_macro_recall,-0.9717826116410705,0.022728424974618713,2000,44001,2000,False
S-J-CB minus S-M-CB,5,HM_old_current_macro,-1.19506965468059,0.546038137322655,2000,44001,2000,False
S-J-CB minus S-M-CB,5,label_0_recall,0.0,0.0,2000,44001,2000,False
S-J-CB minus S-M-CB,5,label_4_recall,-2.2222222222222237,1.0101010101010104,2000,44001,2000,False
S-J-CB minus S-M-CB,5,label_12_recall,-4.878048780487812,0.0,2000,44001,2000,False
S-J-CB minus S-M-CB,5,label_8_recall,0.0,2.1786492374727637,2000,44001,2000,False
S-J-CB minus S-M-CB,5,label_2_recall,-3.846153846153849,-0.73260073260073,2000,44001,2000,False
S-J-CB minus S-M-CB,5,label_11_recall,-2.732240437158469,2.732240437158469,2000,44001,2000,False
S-J-CB minus S-M-CB,5,label_17_recall,-20.0,0.0,2000,44001,2000,False
S-J-CB minus S-M-CB,5,label_3_recall,-3.4023354564755874,0.0,2000,44001,2000,False
S-J-CB minus S-M-CB,5,label_21_recall,0.0,0.0,2000,44001,2000,False
S-J-CB minus S-M-CB,5,label_16_recall,-12.5,25.0,2000,44001,2000,False
S-J-CB minus S-M-CB,5,label_22_recall,0.0,0.0,2000,44001,2000,False
S-J-CB minus S-M-CB,5,label_13_recall,-2.0833333333333335,0.4166666666666667,2000,44001,2000,False
S-J-CB minus S-M-CB,5,label_18_recall,-2.0202020202020186,6.060606060606061,2000,44001,2000,False
S-J-CB minus S-M-CB,5,label_14_recall,0.0,2.777777777777781,2000,44001,2000,False
S-J-CB minus S-M-CB,5,label_9_recall,-0.6097560975609753,0.0,2000,44001,2000,False
S-J-CB minus S-M-CB,5,label_19_recall,0.0,0.0,2000,44001,2000,False
S-J-CB minus S-M-CB,5,label_15_recall,0.0,0.0,2000,44001,2000,False
S-J-CB minus S-M-CB,5,label_6_recall,0.0,0.0,2000,44001,2000,False
S-J-CB minus S-M-CB,5,label_5_recall,0.0,0.0,2000,44001,2000,False
S-J-CB minus S-M-CB,5,label_20_recall,-3.5353535353535364,2.0328282828282145,2000,44001,2000,False
S-J-CB minus S-M-CB,5,label_10_recall,-1.5555555555555571,2.8888888888888906,2000,44001,2000,False
S-J-CB minus S-M-CB,5,label_7_recall,0.0,0.0,2000,44001,2000,False
S-J-CB minus S-M-CB,5,label_1_recall,-4.12979351032448,-0.2949852507374638,2000,44001,2000,False
S-J-CB minus S-M-CB,average,AvgBA_all,-0.6771507142915835,1.6979510271055267,2000,44001,2000,False
S-J-CB minus S-M-CB,average,AvgBA_inc,-0.6505600593960736,1.7124462742018562,2000,44001,2000,False
