method,metric,mean,std_ddof1,minimum,maximum,n_parent_models,n_unique_final_fits,interpretation
A-U,balanced_accuracy,26.992642345903217,,26.992642345903214,26.992642345903217,0,1,one deterministic final fit; partition/stage averages use fixed orders
A-U,tail_rank2,0.0,,0.0,0.0,0,1,one deterministic final fit; partition/stage averages use fixed orders
A-U,old_macro_recall,21.693284193284196,,16.28787878787879,24.395986895986898,0,1,one deterministic final fit; partition/stage averages use fixed orders
A-U,current_macro_recall,42.89071680376028,,34.78260869565217,59.106933019976495,0,1,one deterministic final fit; partition/stage averages use fixed orders
A-U,label_6_recall,0.0,,0.0,0.0,0,1,one deterministic final fit; partition/stage averages use fixed orders
A-U,label_7_recall,0.0,,0.0,0.0,0,1,one deterministic final fit; partition/stage averages use fixed orders
A-U,base_macro_recall,20.341932841932845,,0.0,36.59398034398035,0,1,one deterministic final fit; partition/stage averages use fixed orders
A-U,post_base_macro_recall,33.64335184987359,,17.391304347826086,53.985284691806434,0,1,one deterministic final fit; partition/stage averages use fixed orders
A-U,tail_base_macro_recall,0.0,,0.0,0.0,0,1,one deterministic final fit; partition/stage averages use fixed orders
A-U,tail_post_base_macro_recall,0.0,,0.0,0.0,0,1,one deterministic final fit; partition/stage averages use fixed orders
A-U,accuracy,31.52542372881356,,31.52542372881356,31.52542372881356,0,1,one deterministic final fit; partition/stage averages use fixed orders
A-U,macro_f1,17.216238865042,,17.216238865042,17.216238865042,0,1,one deterministic final fit; partition/stage averages use fixed orders
A-U,head_rank2,73.1879606879607,,73.1879606879607,73.1879606879607,0,1,one deterministic final fit; partition/stage averages use fixed orders
A-U,mid_rank4,17.391304347826086,,17.391304347826086,17.391304347826086,0,1,one deterministic final fit; partition/stage averages use fixed orders
A-U,HM_old_current_macro,27.631292557264157,,25.538270803199808,28.67780343429633,0,1,one deterministic final fit; partition/stage averages use fixed orders
A-U,worst_class_recall,0.0,,0.0,0.0,0,1,one deterministic final fit; partition/stage averages use fixed orders
A-U,AvgBA_all,29.449523815244916,,25.630338776547678,32.15482057541973,0,1,one deterministic final fit; partition/stage averages use fixed orders
A-U,AvgBA_inc,26.08375616892319,,23.475995969699575,27.387636268534997,0,1,one deterministic final fit; partition/stage averages use fixed orders
A-CB,balanced_accuracy,55.497263593432734,,55.497263593432734,55.497263593432734,0,1,one deterministic final fit; partition/stage averages use fixed orders
A-CB,tail_rank2,71.15384615384616,,71.15384615384616,71.15384615384616,0,1,one deterministic final fit; partition/stage averages use fixed orders
A-CB,old_macro_recall,55.99113888748035,,51.365359261700725,58.41664131298278,0,1,one deterministic final fit; partition/stage averages use fixed orders
A-CB,current_macro_recall,54.015637711289884,,46.73913043478261,67.89297658862876,0,1,one deterministic final fit; partition/stage averages use fixed orders
A-CB,label_6_recall,92.3076923076923,,92.3076923076923,92.3076923076923,0,1,one deterministic final fit; partition/stage averages use fixed orders
A-CB,label_7_recall,50.0,,50.0,50.0,0,1,one deterministic final fit; partition/stage averages use fixed orders
A-CB,base_macro_recall,53.88311740445888,,45.46020105471325,62.78976091476092,0,1,one deterministic final fit; partition/stage averages use fixed orders
A-CB,post_base_macro_recall,57.111409782406604,,48.20476627210456,65.53432613215222,0,1,one deterministic final fit; partition/stage averages use fixed orders
A-CB,tail_base_macro_recall,64.1025641025641,,50.0,92.3076923076923,0,1,one deterministic final fit; partition/stage averages use fixed orders
A-CB,tail_post_base_macro_recall,78.2051282051282,,50.0,92.3076923076923,0,1,one deterministic final fit; partition/stage averages use fixed orders
A-CB,accuracy,54.23728813559322,,54.23728813559322,54.23728813559322,0,1,one deterministic final fit; partition/stage averages use fixed orders
A-CB,macro_f1,55.55991004063034,,55.55991004063034,55.55991004063034,0,1,one deterministic final fit; partition/stage averages use fixed orders
A-CB,head_rank2,63.17567567567568,,63.17567567567568,63.17567567567568,0,1,one deterministic final fit; partition/stage averages use fixed orders
A-CB,mid_rank4,43.82976627210456,,43.82976627210456,43.82976627210456,0,1,one deterministic final fit; partition/stage averages use fixed orders
A-CB,HM_old_current_macro,54.22222286459013,,51.929494168681885,58.483914083755316,0,1,one deterministic final fit; partition/stage averages use fixed orders
A-CB,worst_class_recall,32.5,,32.5,32.5,0,1,one deterministic final fit; partition/stage averages use fixed orders
A-CB,AvgBA_all,61.70269659146029,,56.53404355187229,65.87631200999441,0,1,one deterministic final fit; partition/stage averages use fixed orders
A-CB,AvgBA_inc,58.0139503089861,,55.521374051165935,60.11436739415928,0,1,one deterministic final fit; partition/stage averages use fixed orders
S-J-U,balanced_accuracy,28.15248548944201,0.9878061243352856,27.046389274650142,28.94672711248798,3,3,"three existing fixed S0/order pairs, not independent splits"
S-J-U,tail_rank2,0.0,0.0,0.0,0.0,3,3,"three existing fixed S0/order pairs, not independent splits"
S-J-U,old_macro_recall,23.027573027573027,4.856752795498208,17.613636363636363,27.00143325143325,3,3,"three existing fixed S0/order pairs, not independent splits"
S-J-U,current_macro_recall,43.52722287504897,15.146116051302467,34.78260869565217,61.016451233842545,3,3,"three existing fixed S0/order pairs, not independent splits"
S-J-U,label_6_recall,0.0,0.0,0.0,0.0,3,3,"three existing fixed S0/order pairs, not independent splits"
S-J-U,label_7_recall,0.0,0.0,0.0,0.0,3,3,"three existing fixed S0/order pairs, not independent splits"
S-J-U,base_macro_recall,22.307534807534807,20.56193370638339,0.0,40.502149877149876,3,3,"three existing fixed S0/order pairs, not independent splits"
S-J-U,post_base_macro_recall,33.997436171349214,18.597862642255897,17.391304347826086,54.092778549300284,3,3,"three existing fixed S0/order pairs, not independent splits"
S-J-U,tail_base_macro_recall,0.0,0.0,0.0,0.0,3,3,"three existing fixed S0/order pairs, not independent splits"
S-J-U,tail_post_base_macro_recall,0.0,0.0,0.0,0.0,3,3,"three existing fixed S0/order pairs, not independent splits"
S-J-U,accuracy,32.76836158192091,1.089678052089598,31.52542372881356,33.559322033898304,3,3,"three existing fixed S0/order pairs, not independent splits"
S-J-U,macro_f1,18.909337208205994,1.4807067511484628,17.243277595515703,20.075047804676366,3,3,"three existing fixed S0/order pairs, not independent splits"
S-J-U,head_rank2,72.57371007371007,2.6927376599399175,69.56388206388206,74.75429975429975,3,3,"three existing fixed S0/order pairs, not independent splits"
S-J-U,mid_rank4,20.018115942028988,2.4165437630351643,17.391304347826086,22.146739130434785,3,3,"three existing fixed S0/order pairs, not independent splits"
S-J-U,HM_old_current_macro,28.821810637763964,1.535132231269325,27.336141089760467,30.402034486857602,3,3,"three existing fixed S0/order pairs, not independent splits"
S-J-U,worst_class_recall,0.0,0.0,0.0,0.0,3,3,"three existing fixed S0/order pairs, not independent splits"
S-J-U,AvgBA_all,31.978105551806504,2.498779730625815,29.550782737089737,34.542684464808005,3,3,"three existing fixed S0/order pairs, not independent splits"
S-J-U,AvgBA_inc,27.987146442210065,1.6862039619074554,26.26977166661021,29.640347336032647,3,3,"three existing fixed S0/order pairs, not independent splits"
S-J-CB,balanced_accuracy,59.705524672385756,3.0450648043738258,56.20296616054834,61.724166166106784,3,3,"three existing fixed S0/order pairs, not independent splits"
S-J-CB,tail_rank2,72.64957264957265,3.112991941096895,69.23076923076923,75.32051282051282,3,3,"three existing fixed S0/order pairs, not independent splits"
S-J-CB,old_macro_recall,60.5988510256803,5.685098577595846,54.034278180619644,63.89268553902701,3,3,"three existing fixed S0/order pairs, not independent splits"
S-J-CB,current_macro_recall,57.025545612502135,5.044355141056323,53.07971014492754,62.709030100334445,3,3,"three existing fixed S0/order pairs, not independent splits"
S-J-CB,label_6_recall,89.74358974358974,2.220577958421642,88.46153846153845,92.3076923076923,3,3,"three existing fixed S0/order pairs, not independent splits"
S-J-CB,label_7_recall,55.555555555555564,4.811252243246883,50.0,58.333333333333336,3,3,"three existing fixed S0/order pairs, not independent splits"
S-J-CB,base_macro_recall,59.763847080920264,10.643914273289765,48.11222808174028,68.97680022680024,3,3,"three existing fixed S0/order pairs, not independent splits"
S-J-CB,post_base_macro_recall,59.64720226385126,5.619033281785516,53.40208315420405,64.29370423935642,3,3,"three existing fixed S0/order pairs, not independent splits"
S-J-CB,tail_base_macro_recall,66.88034188034187,22.41146410718339,50.0,92.3076923076923,3,3,"three existing fixed S0/order pairs, not independent splits"
S-J-CB,tail_post_base_macro_recall,78.41880341880342,17.394527340969486,58.333333333333336,88.46153846153845,3,3,"three existing fixed S0/order pairs, not independent splits"
S-J-CB,accuracy,58.644067796610166,3.269034156268797,54.91525423728814,61.016949152542374,3,3,"three existing fixed S0/order pairs, not independent splits"
S-J-CB,macro_f1,60.34756158011351,3.2797266654216872,56.583045410411415,62.58747942775127,3,3,"three existing fixed S0/order pairs, not independent splits"
S-J-CB,head_rank2,66.87141687141688,1.0307398629162026,65.87837837837839,67.93611793611794,3,3,"three existing fixed S0/order pairs, not independent splits"
S-J-CB,mid_rank4,49.650554584276755,4.220090309985257,44.851358516522886,52.78155541543665,3,3,"three existing fixed S0/order pairs, not independent splits"
S-J-CB,HM_old_current_macro,58.43516580673392,0.7234275951294991,57.986419940576916,59.269717276062345,3,3,"three existing fixed S0/order pairs, not independent splits"
S-J-CB,worst_class_recall,42.92401096748923,6.926485033159276,35.0,47.82608695652174,3,3,"three existing fixed S0/order pairs, not independent splits"
S-J-CB,AvgBA_all,65.36950110540602,6.21611782724416,58.25226987939076,69.73365107445171,3,3,"three existing fixed S0/order pairs, not independent splits"
S-J-CB,AvgBA_inc,62.01732904344251,3.7034455785615616,57.786213542443654,64.67024641865575,3,3,"three existing fixed S0/order pairs, not independent splits"
S-M-U,balanced_accuracy,29.162649556671298,1.2717175852894569,27.943128405084927,30.480818021578894,3,3,"three existing fixed S0/order pairs, not independent splits"
S-M-U,tail_rank2,0.0,0.0,0.0,0.0,3,3,"three existing fixed S0/order pairs, not independent splits"
S-M-U,old_macro_recall,24.403835653835653,5.1505637740862955,18.863636363636363,29.046887796887802,3,3,"three existing fixed S0/order pairs, not independent splits"
S-M-U,current_macro_recall,43.43909126517823,14.062641478643826,34.78260869565217,59.66509988249119,3,3,"three existing fixed S0/order pairs, not independent splits"
S-M-U,label_6_recall,0.0,0.0,0.0,0.0,3,3,"three existing fixed S0/order pairs, not independent splits"
S-M-U,label_7_recall,0.0,0.0,0.0,0.0,3,3,"three existing fixed S0/order pairs, not independent splits"
S-M-U,base_macro_recall,24.37192874692875,21.43124260791934,1.25,43.5703316953317,3,3,"three existing fixed S0/order pairs, not independent splits"
S-M-U,post_base_macro_recall,33.95337036641385,18.96134203354089,17.391304347826086,54.636256810169854,3,3,"three existing fixed S0/order pairs, not independent splits"
S-M-U,tail_base_macro_recall,0.0,0.0,0.0,0.0,3,3,"three existing fixed S0/order pairs, not independent splits"
S-M-U,tail_post_base_macro_recall,0.0,0.0,0.0,0.0,3,3,"three existing fixed S0/order pairs, not independent splits"
S-M-U,accuracy,33.898305084745765,1.3559322033898304,32.54237288135593,35.25423728813559,3,3,"three existing fixed S0/order pairs, not independent splits"
S-M-U,macro_f1,20.31910072550288,1.5904372011283898,18.659087466086405,21.829370153440024,3,3,"three existing fixed S0/order pairs, not independent splits"
S-M-U,head_rank2,72.5020475020475,3.917543513566286,68.21253071253071,75.89066339066339,3,3,"three existing fixed S0/order pairs, not independent splits"
S-M-U,mid_rank4,22.074275362318843,2.552371653080824,19.184782608695652,24.021739130434785,3,3,"three existing fixed S0/order pairs, not independent splits"
S-M-U,HM_old_current_macro,29.99800721021896,1.5225363438336523,28.664685097077637,31.657042200975024,3,3,"three existing fixed S0/order pairs, not independent splits"
S-M-U,worst_class_recall,0.0,0.0,0.0,0.0,3,3,"three existing fixed S0/order pairs, not independent splits"
S-M-U,AvgBA_all,33.70425680307706,3.040503964228052,31.339423512010995,37.133968931092475,3,3,"three existing fixed S0/order pairs, not independent splits"
S-M-U,AvgBA_inc,29.321491774600208,2.158185476687607,27.397854780211617,31.655345288530604,3,3,"three existing fixed S0/order pairs, not independent splits"
S-M-CB,balanced_accuracy,61.619956206382504,3.7953381183843917,57.33050442256433,64.5425278275888,3,3,"three existing fixed S0/order pairs, not independent splits"
S-M-CB,tail_rank2,73.29059829059828,3.5159151008342606,69.23076923076923,75.32051282051282,3,3,"three existing fixed S0/order pairs, not independent splits"
S-M-CB,old_macro_recall,63.03065345748272,7.838586129257015,54.08838716765546,68.71436142777607,3,3,"three existing fixed S0/order pairs, not independent splits"
S-M-CB,current_macro_recall,57.387864453081846,8.390118372456456,52.02702702702703,67.05685618729096,3,3,"three existing fixed S0/order pairs, not independent splits"
S-M-CB,label_6_recall,91.02564102564104,2.220577958421642,88.46153846153845,92.3076923076923,3,3,"three existing fixed S0/order pairs, not independent splits"
S-M-CB,label_7_recall,55.555555555555564,4.811252243246883,50.0,58.333333333333336,3,3,"three existing fixed S0/order pairs, not independent splits"
S-M-CB,base_macro_recall,62.61861426495574,13.420197207607941,47.517715886618326,73.18134568134569,3,3,"three existing fixed S0/order pairs, not independent splits"
S-M-CB,post_base_macro_recall,60.621298147809284,7.264206482983061,52.792327056643074,67.14329295851034,3,3,"three existing fixed S0/order pairs, not independent splits"
S-M-CB,tail_base_macro_recall,66.88034188034187,22.41146410718339,50.0,92.3076923076923,3,3,"three existing fixed S0/order pairs, not independent splits"
S-M-CB,tail_post_base_macro_recall,79.7008547008547,18.604473975248066,58.333333333333336,92.3076923076923,3,3,"three existing fixed S0/order pairs, not independent splits"
S-M-CB,accuracy,60.67796610169491,3.9093432524307765,56.271186440677965,63.72881355932203,3,3,"three existing fixed S0/order pairs, not independent splits"
S-M-CB,macro_f1,62.343837434751116,3.765079857354442,58.05618657925301,65.11045009604459,3,3,"three existing fixed S0/order pairs, not independent splits"
S-M-CB,head_rank2,68.45823095823096,1.5566739431786454,67.22972972972973,70.2088452088452,3,3,"three existing fixed S0/order pairs, not independent splits"
S-M-CB,mid_rank4,52.36549778835038,5.561175937881598,46.430759364879194,57.45674027686223,3,3,"three existing fixed S0/order pairs, not independent splits"
S-M-CB,HM_old_current_macro,59.34986731706173,0.4764474442326864,58.95357167019729,59.87849129292115,3,3,"three existing fixed S0/order pairs, not independent splits"
S-M-CB,worst_class_recall,45.108695652173914,6.678372677958972,37.5,50.0,3,3,"three existing fixed S0/order pairs, not independent splits"
S-M-CB,AvgBA_all,66.75394838438315,6.751751194545813,58.95899562687739,70.77462307578956,3,3,"three existing fixed S0/order pairs, not independent splits"
S-M-CB,AvgBA_inc,63.59351039891866,5.102618381373631,57.91642411489309,67.79760575111185,3,3,"three existing fixed S0/order pairs, not independent splits"
S-F-U,balanced_accuracy,26.28939215895738,0.1670818832352491,26.098974468539687,26.411474468539687,3,3,"three existing fixed S0/order pairs, not independent splits"
S-F-U,tail_rank2,0.0,0.0,0.0,0.0,3,3,"three existing fixed S0/order pairs, not independent splits"
S-F-U,old_macro_recall,21.268086268086268,4.283656922963601,16.325757575757574,23.91175266175266,3,3,"three existing fixed S0/order pairs, not independent splits"
S-F-U,current_macro_recall,41.353309831570705,13.263452130031945,33.69565217391305,56.66862514688602,3,3,"three existing fixed S0/order pairs, not independent splits"
S-F-U,label_6_recall,0.0,0.0,0.0,0.0,3,3,"three existing fixed S0/order pairs, not independent splits"
S-F-U,label_7_recall,0.0,0.0,0.0,0.0,3,3,"three existing fixed S0/order pairs, not independent splits"
S-F-U,base_macro_recall,20.118755118755118,18.328764250734242,0.0,35.867628992628994,3,3,"three existing fixed S0/order pairs, not independent splits"
S-F-U,post_base_macro_recall,32.460029199159635,18.03258022681392,16.847826086956523,52.197948937079374,3,3,"three existing fixed S0/order pairs, not independent splits"
S-F-U,tail_base_macro_recall,0.0,0.0,0.0,0.0,3,3,"three existing fixed S0/order pairs, not independent splits"
S-F-U,tail_post_base_macro_recall,0.0,0.0,0.0,0.0,3,3,"three existing fixed S0/order pairs, not independent splits"
S-F-U,accuracy,30.734463276836163,0.1957119556575018,30.508474576271187,30.847457627118647,3,3,"three existing fixed S0/order pairs, not independent splits"
S-F-U,macro_f1,16.655211564189802,0.15996831231003977,16.47979179714931,16.79302923095694,3,3,"three existing fixed S0/order pairs, not independent splits"
S-F-U,head_rank2,70.62858312858313,0.12412321512061933,70.48525798525799,70.7002457002457,3,3,"three existing fixed S0/order pairs, not independent splits"
S-F-U,mid_rank4,17.26449275362319,0.36084391824351614,16.847826086956523,17.472826086956523,3,3,"three existing fixed S0/order pairs, not independent splits"
S-F-U,HM_old_current_macro,27.018996076903132,1.4513402482199913,25.348751555715186,27.972865740350837,3,3,"three existing fixed S0/order pairs, not independent splits"
S-F-U,worst_class_recall,0.0,0.0,0.0,0.0,3,3,"three existing fixed S0/order pairs, not independent splits"
S-F-U,AvgBA_all,28.92798376560307,2.7530730024582115,25.76690070360537,30.80020382379874,3,3,"three existing fixed S0/order pairs, not independent splits"
S-F-U,AvgBA_inc,25.425738208081793,1.7690942671531467,23.383582762725126,26.49035187940278,3,3,"three existing fixed S0/order pairs, not independent splits"
S-F-CB,balanced_accuracy,54.50578921085283,2.243540272123757,52.37685420943639,56.84861494478409,3,3,"three existing fixed S0/order pairs, not independent splits"
S-F-CB,tail_rank2,70.72649572649573,1.3344012817090631,69.23076923076923,71.7948717948718,3,3,"three existing fixed S0/order pairs, not independent splits"
S-F-CB,old_macro_recall,53.62247417125466,1.344001034184956,52.56527421161567,55.13498723864578,3,3,"three existing fixed S0/order pairs, not independent splits"
S-F-CB,current_macro_recall,57.15573432964737,9.298756788707673,51.7626321974148,67.89297658862876,3,3,"three existing fixed S0/order pairs, not independent splits"
S-F-CB,label_6_recall,85.89743589743591,8.006407690254349,76.92307692307693,92.3076923076923,3,3,"three existing fixed S0/order pairs, not independent splits"
S-F-CB,label_7_recall,55.55555555555555,9.622504486493757,50.0,66.66666666666666,3,3,"three existing fixed S0/order pairs, not independent splits"
S-F-CB,base_macro_recall,50.42540792540793,3.7789530641618807,47.48722808174028,54.68838593838594,3,3,"three existing fixed S0/order pairs, not independent splits"
S-F-CB,post_base_macro_recall,58.58617049629775,8.109632967741964,50.06532248048685,66.2100018078279,3,3,"three existing fixed S0/order pairs, not independent splits"
S-F-CB,tail_base_macro_recall,58.97435897435898,15.544045708951469,50.0,76.92307692307693,3,3,"three existing fixed S0/order pairs, not independent splits"
S-F-CB,tail_post_base_macro_recall,82.47863247863248,13.827939903729435,66.66666666666666,92.3076923076923,3,3,"three existing fixed S0/order pairs, not independent splits"
S-F-CB,accuracy,53.10734463276837,2.544255423547502,50.50847457627119,55.59322033898305,3,3,"three existing fixed S0/order pairs, not independent splits"
S-F-CB,macro_f1,54.41272574459898,2.373335284525132,52.11608189104717,56.85595717795402,3,3,"three existing fixed S0/order pairs, not independent splits"
S-F-CB,head_rank2,62.039312039312044,3.210451218104318,58.415233415233416,64.52702702702703,3,3,"three existing fixed S0/order pairs, not independent splits"
S-F-CB,mid_rank4,42.628674538801796,3.111496099915112,39.648655813820184,45.85679329913158,3,3,"three existing fixed S0/order pairs, not independent splits"
S-F-CB,HM_old_current_macro,55.07192306184577,3.997298268088044,52.18571313713799,59.63444105343263,3,3,"three existing fixed S0/order pairs, not independent splits"
S-F-CB,worst_class_recall,28.333333333333332,3.8188130791298662,25.0,32.5,3,3,"three existing fixed S0/order pairs, not independent splits"
S-F-CB,AvgBA_all,59.95416857536864,1.6841307333304993,58.243688340785376,61.61065107313781,3,3,"three existing fixed S0/order pairs, not independent splits"
S-F-CB,AvgBA_inc,56.788268073726705,1.7190668491707384,54.83801403174415,58.083664841518754,3,3,"three existing fixed S0/order pairs, not independent splits"
